Handle,Title,Body (HTML),Vendor,Product Category,Type,Tags,Published,Option1 Name,Option1 Value,Variant SKU,Variant Price,Variant Compare At Price,Variant Requires Shipping,Variant Taxable,Variant Barcode,Variant Inventory Tracker,Variant Inventory Policy,Variant Inventory Qty,Image Src,Image Position,Image Alt Text,SEO Title,SEO Description,product.metafields.color_flex.base_url,product.metafields.color_flex.collection,product.metafields.color_flex.pattern,product.metafields.color_flex.layer_count,product.metafields.color_flex.layer_labels,product.metafields.color_flex.pattern_size,product.metafields.color_flex.tiling_type,product.metafields.color_flex.designer_colors
botanicals-clo-1-key-largo,Key Largo,<p>Key Largo clothing pattern from Botanicals (CLO-1) collection. Customize colors to match your style with our ColorFlex system.</p>,Saffron Cottage,Apparel & Accessories > Clothing,Clothing,"Botanicals (CLO-1), pattern, clothing, custom-color, colorflex",TRUE,Size,One Size,botanicals-clo-1-key-largo,89.99,,TRUE,TRUE,,,continue,,https://so-animation.com/colorflex/data/collections/botanicals_clo1/thumbnails/key-largo.jpg,1,Key Largo clothing pattern thumbnail,Key Largo - Botanicals (CLO-1) Clothing | ColorFlex,Key Largo clothing pattern from Botanicals (CLO-1). Customize colors with ColorFlex.,https://so-animation.com/colorflex/data/collections/,botanicals.clo-1,key-largo,6,"./data/collections/botanicals/layers/key-largo_back-leaf_layer-1.jpg,./data/collections/botanicals/layers/key-largo_left-leaves_layer-2.jpg,./data/collections/botanicals/layers/key-largo_right-leaves_layer-3.jpg,./data/collections/botanicals/layers/key-largo_outer-leaves_layer-4.jpg,./data/collections/botanicals/layers/key-largo_right-most_layer-5.jpg,./data/collections/botanicals/layers/key-largo_front-leaf_layer-6.jpg",24x24,half-drop,"SC0001 COTTAGE LINEN,SW7069 IRON ORE,SW6135 ECRU,SW0043 PERISTYLE BRASS,SW6138 ARTIFACT,SW0042 RUSKIN ROOM GREEN,SW7740 MESSENGER BAG,SW6159 HIGH TEA,SW9145 SLEEPY HOLLOW,SW6242 BRACING BLUE,SW0034 ROYCROFT ROSE,SW0033 REMBRANDT RUBY,SW6990 CAVIAR"
botanicals-clo-1-shadow-dance,Shadow Dance,<p>Shadow Dance clothing pattern from Botanicals (CLO-1) collection. Customize colors to match your style with our ColorFlex system.</p>,Saffron Cottage,Apparel & Accessories > Clothing,Clothing,"Botanicals (CLO-1), pattern, clothing, custom-color, colorflex",TRUE,Size,One Size,botanicals-clo-1-shadow-dance,89.99,,TRUE,TRUE,,,continue,,https://so-animation.com/colorflex/data/collections/botanicals_clo1/thumbnails/shadow-dance.jpg,1,Shadow Dance clothing pattern thumbnail,Shadow Dance - Botanicals (CLO-1) Clothing | ColorFlex,Shadow Dance clothing pattern from Botanicals (CLO-1). Customize colors with ColorFlex.,https://so-animation.com/colorflex/data/collections/,botanicals.clo-1,shadow-dance,2,"./data/collections/botanicals/layers/shadow-dance_shadow_layer-1.jpg,./data/collections/botanicals/layers/shadow-dance_flower_layer-2.jpg",24x24,straight,"SC0001 COTTAGE LINEN,SW7069 IRON ORE,SW6135 ECRU,SW0043 PERISTYLE BRASS,SW6138 ARTIFACT,SW0042 RUSKIN ROOM GREEN,SW7740 MESSENGER BAG,SW6159 HIGH TEA,SW9145 SLEEPY HOLLOW,SW6242 BRACING BLUE,SW0034 ROYCROFT ROSE,SW0033 REMBRANDT RUBY,SW6990 CAVIAR"
botanicals-clo-1-tall-lilly-plant,Tall Lilly Plant,<p>Tall Lilly Plant clothing pattern from Botanicals (CLO-1) collection. Customize colors to match your style with our ColorFlex system.</p>,Saffron Cottage,Apparel & Accessories > Clothing,Clothing,"Botanicals (CLO-1), pattern, clothing, custom-color, colorflex",TRUE,Size,One Size,botanicals-clo-1-tall-lilly-plant,89.99,,TRUE,TRUE,,,continue,,https://so-animation.com/colorflex/data/collections/botanicals_clo1/thumbnails/tall-lilly-plant.jpg,1,Tall Lilly Plant clothing pattern thumbnail,Tall Lilly Plant - Botanicals (CLO-1) Clothing | ColorFlex,Tall Lilly Plant clothing pattern from Botanicals (CLO-1). Customize colors with ColorFlex.,https://so-animation.com/colorflex/data/collections/,botanicals.clo-1,tall-lilly-plant,4,"./data/collections/botanicals/layers/tall-lilly-plant_texture_layer-1.jpg,./data/collections/botanicals/layers/tall-lilly-plant_plants_layer-2.jpg,./data/collections/botanicals/layers/tall-lilly-plant_flowers_layer-3.jpg,./data/collections/botanicals/layers/tall-lilly-plant_flower-centers_layer-4.jpg",24x24,straight,"SC0001 COTTAGE LINEN,SW7069 IRON ORE,SW6135 ECRU,SW0043 PERISTYLE BRASS,SW6138 ARTIFACT,SW0042 RUSKIN ROOM GREEN,SW7740 MESSENGER BAG,SW6159 HIGH TEA,SW9145 SLEEPY HOLLOW,SW6242 BRACING BLUE,SW0034 ROYCROFT ROSE,SW0033 REMBRANDT RUBY,SW6990 CAVIAR"
botanicals-clo-1-flowering-fern,Flowering Fern,<p>Flowering Fern clothing pattern from Botanicals (CLO-1) collection. Customize colors to match your style with our ColorFlex system.</p>,Saffron Cottage,Apparel & Accessories > Clothing,Clothing,"Botanicals (CLO-1), pattern, clothing, custom-color, colorflex",TRUE,Size,One Size,botanicals-clo-1-flowering-fern,89.99,,TRUE,TRUE,,,continue,,https://so-animation.com/colorflex/data/collections/botanicals_clo1/thumbnails/flowering-fern.jpg,1,Flowering Fern clothing pattern thumbnail,Flowering Fern - Botanicals (CLO-1) Clothing | ColorFlex,Flowering Fern clothing pattern from Botanicals (CLO-1). Customize colors with ColorFlex.,https://so-animation.com/colorflex/data/collections/,botanicals.clo-1,flowering-fern,3,"./data/collections/botanicals/layers/flowering-fern_flowers_layer-1.jpg,./data/collections/botanicals/layers/flowering-fern_fiddleheads_layer-2.jpg,./data/collections/botanicals/layers/flowering-fern_ferns_layer-3.jpg",24x24,straight,"SC0001 COTTAGE LINEN,SW7069 IRON ORE,SW6135 ECRU,SW0043 PERISTYLE BRASS,SW6138 ARTIFACT,SW0042 RUSKIN ROOM GREEN,SW7740 MESSENGER BAG,SW6159 HIGH TEA,SW9145 SLEEPY HOLLOW,SW6242 BRACING BLUE,SW0034 ROYCROFT ROSE,SW0033 REMBRANDT RUBY,SW6990 CAVIAR"
bombay-clo-1-andheri-star-flower,Andheri Star Flower,<p>Andheri Star Flower clothing pattern from Bombay (CLO-1) collection. Customize colors to match your style with our ColorFlex system.</p>,Saffron Cottage,Apparel & Accessories > Clothing,Clothing,"Bombay (CLO-1), pattern, clothing, custom-color, colorflex",TRUE,Size,One Size,bombay-clo-1-andheri-star-flower,89.99,,TRUE,TRUE,,,continue,,https://so-animation.com/colorflex/data/collections/bombay/thumbnails/andheri-star-flower.jpg,1,Andheri Star Flower clothing pattern thumbnail,Andheri Star Flower - Bombay (CLO-1) Clothing | ColorFlex,Andheri Star Flower clothing pattern from Bombay (CLO-1). Customize colors with ColorFlex.,https://so-animation.com/colorflex/data/collections/,bombay.clo-1,andheri-star-flower,1,./data/collections/bombay/layers/andheri-star-flower_star-flower_layer-1.jpg,24x24,straight,"SC0001 COTTAGE LINEN,SW6395 ALCHEMY,SW6439 GREENFIELD,SW6810 LUPINE,SW6811 HONORABLE BLUE,SW0080 PINK FLAMINGO,SW6558 PLUMMY,SW6425 RELENTLESS OLIVE,SW7588 SHOW STOPPER,SW7067 CITYSCAPE"
bombay-clo-1-bombay-ticking,Bombay Ticking,<p>Bombay Ticking clothing pattern from Bombay (CLO-1) collection. Customize colors to match your style with our ColorFlex system.</p>,Saffron Cottage,Apparel & Accessories > Clothing,Clothing,"Bombay (CLO-1), pattern, clothing, custom-color, colorflex",TRUE,Size,One Size,bombay-clo-1-bombay-ticking,89.99,,TRUE,TRUE,,,continue,,https://so-animation.com/colorflex/data/collections/bombay/thumbnails/bombay-ticking.jpg,1,Bombay Ticking clothing pattern thumbnail,Bombay Ticking - Bombay (CLO-1) Clothing | ColorFlex,Bombay Ticking clothing pattern from Bombay (CLO-1). Customize colors with ColorFlex.,https://so-animation.com/colorflex/data/collections/,bombay.clo-1,bombay-ticking,1,./data/collections/bombay/layers/bombay-ticking_stripes_layer-1.jpg,24x24,straight,"SC0001 COTTAGE LINEN,SW6395 ALCHEMY,SW6439 GREENFIELD,SW6810 LUPINE,SW6811 HONORABLE BLUE,SW0080 PINK FLAMINGO,SW6558 PLUMMY,SW6425 RELENTLESS OLIVE,SW7588 SHOW STOPPER,SW7067 CITYSCAPE"
bombay-clo-1-delhi-large,Delhi Large,<p>Delhi Large clothing pattern from Bombay (CLO-1) collection. Customize colors to match your style with our ColorFlex system.</p>,Saffron Cottage,Apparel & Accessories > Clothing,Clothing,"Bombay (CLO-1), pattern, clothing, custom-color, colorflex",TRUE,Size,One Size,bombay-clo-1-delhi-large,89.99,,TRUE,TRUE,,,continue,,https://so-animation.com/colorflex/data/collections/bombay/thumbnails/delhi-large.jpg,1,Delhi Large clothing pattern thumbnail,Delhi Large - Bombay (CLO-1) Clothing | ColorFlex,Delhi Large clothing pattern from Bombay (CLO-1). Customize colors with ColorFlex.,https://so-animation.com/colorflex/data/collections/,bombay.clo-1,delhi-large,2,"./data/collections/bombay/layers/delhi-large_tiny-flower_layer-1.jpg,./data/collections/bombay/layers/delhi-large_floral_layer-2.jpg",24x24,straight,"SC0001 COTTAGE LINEN,SW6395 ALCHEMY,SW6439 GREENFIELD,SW6810 LUPINE,SW6811 HONORABLE BLUE,SW0080 PINK FLAMINGO,SW6558 PLUMMY,SW6425 RELENTLESS OLIVE,SW7588 SHOW STOPPER,SW7067 CITYSCAPE"
bombay-clo-1-delhi-mini,Delhi Mini,<p>Delhi Mini clothing pattern from Bombay (CLO-1) collection. Customize colors to match your style with our ColorFlex system.</p>,Saffron Cottage,Apparel & Accessories > Clothing,Clothing,"Bombay (CLO-1), pattern, clothing, custom-color, colorflex",TRUE,Size,One Size,bombay-clo-1-delhi-mini,89.99,,TRUE,TRUE,,,continue,,https://so-animation.com/colorflex/data/collections/bombay/thumbnails/delhi-mini.jpg,1,Delhi Mini clothing pattern thumbnail,Delhi Mini - Bombay (CLO-1) Clothing | ColorFlex,Delhi Mini clothing pattern from Bombay (CLO-1). Customize colors with ColorFlex.,https://so-animation.com/colorflex/data/collections/,bombay.clo-1,delhi-mini,1,./data/collections/bombay/layers/delhi-mini_design_layer-1.jpg,24x24,straight,"SC0001 COTTAGE LINEN,SW6395 ALCHEMY,SW6439 GREENFIELD,SW6810 LUPINE,SW6811 HONORABLE BLUE,SW0080 PINK FLAMINGO,SW6558 PLUMMY,SW6425 RELENTLESS OLIVE,SW7588 SHOW STOPPER,SW7067 CITYSCAPE"
bombay-clo-1-tree-of-life,Tree Of Life,<p>Tree Of Life clothing pattern from Bombay (CLO-1) collection. Customize colors to match your style with our ColorFlex system.</p>,Saffron Cottage,Apparel & Accessories > Clothing,Clothing,"Bombay (CLO-1), pattern, clothing, custom-color, colorflex",TRUE,Size,One Size,bombay-clo-1-tree-of-life,89.99,,TRUE,TRUE,,,continue,,https://so-animation.com/colorflex/data/collections/bombay/thumbnails/tree-of-life.jpg,1,Tree Of Life clothing pattern thumbnail,Tree Of Life - Bombay (CLO-1) Clothing | ColorFlex,Tree Of Life clothing pattern from Bombay (CLO-1). Customize colors with ColorFlex.,https://so-animation.com/colorflex/data/collections/,bombay.clo-1,tree-of-life,1,./data/collections/bombay/layers/tree-of-life_layer-1_layer-1.jpg,24x24,straight,"SC0001 COTTAGE LINEN,SW6395 ALCHEMY,SW6439 GREENFIELD,SW6810 LUPINE,SW6811 HONORABLE BLUE,SW0080 PINK FLAMINGO,SW6558 PLUMMY,SW6425 RELENTLESS OLIVE,SW7588 SHOW STOPPER,SW7067 CITYSCAPE"
bombay-clo-1-etawah,Etawah,<p>Etawah clothing pattern from Bombay (CLO-1) collection. Customize colors to match your style with our ColorFlex system.</p>,Saffron Cottage,Apparel & Accessories > Clothing,Clothing,"Bombay (CLO-1), pattern, clothing, custom-color, colorflex",TRUE,Size,One Size,bombay-clo-1-etawah,89.99,,TRUE,TRUE,,,continue,,https://so-animation.com/colorflex/data/collections/bombay/thumbnails/etawah.jpg,1,Etawah clothing pattern thumbnail,Etawah - Bombay (CLO-1) Clothing | ColorFlex,Etawah clothing pattern from Bombay (CLO-1). Customize colors with ColorFlex.,https://so-animation.com/colorflex/data/collections/,bombay.clo-1,etawah,3,"./data/collections/bombay/layers/etawah_stems-&-leaves_layer-1.jpg,./data/collections/bombay/layers/etawah_flowers_layer-2.jpg,./data/collections/bombay/layers/etawah_berries_layer-3.jpg",24x24,straight,"SC0001 COTTAGE LINEN,SW6395 ALCHEMY,SW6439 GREENFIELD,SW6810 LUPINE,SW6811 HONORABLE BLUE,SW0080 PINK FLAMINGO,SW6558 PLUMMY,SW6425 RELENTLESS OLIVE,SW7588 SHOW STOPPER,SW7067 CITYSCAPE"
bombay-clo-1-triben,Triben,<p>Triben clothing pattern from Bombay (CLO-1) collection. Customize colors to match your style with our ColorFlex system.</p>,Saffron Cottage,Apparel & Accessories > Clothing,Clothing,"Bombay (CLO-1), pattern, clothing, custom-color, colorflex",TRUE,Size,One Size,bombay-clo-1-triben,89.99,,TRUE,TRUE,,,continue,,https://so-animation.com/colorflex/data/collections/bombay/thumbnails/triben.jpg,1,Triben clothing pattern thumbnail,Triben - Bombay (CLO-1) Clothing | ColorFlex,Triben clothing pattern from Bombay (CLO-1). Customize colors with ColorFlex.,https://so-animation.com/colorflex/data/collections/,bombay.clo-1,triben,1,./data/collections/bombay/layers/triben_layer-1_layer-1.jpg,24x24,straight,"SC0001 COTTAGE LINEN,SW6395 ALCHEMY,SW6439 GREENFIELD,SW6810 LUPINE,SW6811 HONORABLE BLUE,SW0080 PINK FLAMINGO,SW6558 PLUMMY,SW6425 RELENTLESS OLIVE,SW7588 SHOW STOPPER,SW7067 CITYSCAPE"
bombay-clo-1-garhi,Garhi,<p>Garhi clothing pattern from Bombay (CLO-1) collection. Customize colors to match your style with our ColorFlex system.</p>,Saffron Cottage,Apparel & Accessories > Clothing,Clothing,"Bombay (CLO-1), pattern, clothing, custom-color, colorflex",TRUE,Size,One Size,bombay-clo-1-garhi,89.99,,TRUE,TRUE,,,continue,,https://so-animation.com/colorflex/data/collections/bombay/thumbnails/garhi.jpg,1,Garhi clothing pattern thumbnail,Garhi - Bombay (CLO-1) Clothing | ColorFlex,Garhi clothing pattern from Bombay (CLO-1). Customize colors with ColorFlex.,https://so-animation.com/colorflex/data/collections/,bombay.clo-1,garhi,2,"./data/collections/bombay/layers/garhi_flower_layer-1.jpg,./data/collections/bombay/layers/garhi_trellis_layer-2.jpg",24x24,straight,"SC0001 COTTAGE LINEN,SW6395 ALCHEMY,SW6439 GREENFIELD,SW6810 LUPINE,SW6811 HONORABLE BLUE,SW0080 PINK FLAMINGO,SW6558 PLUMMY,SW6425 RELENTLESS OLIVE,SW7588 SHOW STOPPER,SW7067 CITYSCAPE"
bombay-clo-1-loni,Loni,<p>Loni clothing pattern from Bombay (CLO-1) collection. Customize colors to match your style with our ColorFlex system.</p>,Saffron Cottage,Apparel & Accessories > Clothing,Clothing,"Bombay (CLO-1), pattern, clothing, custom-color, colorflex",TRUE,Size,One Size,bombay-clo-1-loni,89.99,,TRUE,TRUE,,,continue,,https://so-animation.com/colorflex/data/collections/bombay/thumbnails/loni.jpg,1,Loni clothing pattern thumbnail,Loni - Bombay (CLO-1) Clothing | ColorFlex,Loni clothing pattern from Bombay (CLO-1). Customize colors with ColorFlex.,https://so-animation.com/colorflex/data/collections/,bombay.clo-1,loni,1,./data/collections/bombay/layers/loni_design_layer-1.jpg,24x24,straight,"SC0001 COTTAGE LINEN,SW6395 ALCHEMY,SW6439 GREENFIELD,SW6810 LUPINE,SW6811 HONORABLE BLUE,SW0080 PINK FLAMINGO,SW6558 PLUMMY,SW6425 RELENTLESS OLIVE,SW7588 SHOW STOPPER,SW7067 CITYSCAPE"
bombay-clo-1-kitanelli,Kitanelli,<p>Kitanelli clothing pattern from Bombay (CLO-1) collection. Customize colors to match your style with our ColorFlex system.</p>,Saffron Cottage,Apparel & Accessories > Clothing,Clothing,"Bombay (CLO-1), pattern, clothing, custom-color, colorflex",TRUE,Size,One Size,bombay-clo-1-kitanelli,89.99,,TRUE,TRUE,,,continue,,https://so-animation.com/colorflex/data/collections/bombay/thumbnails/kitanelli.jpg,1,Kitanelli clothing pattern thumbnail,Kitanelli - Bombay (CLO-1) Clothing | ColorFlex,Kitanelli clothing pattern from Bombay (CLO-1). Customize colors with ColorFlex.,https://so-animation.com/colorflex/data/collections/,bombay.clo-1,kitanelli,1,./data/collections/bombay/layers/kitanelli_vines_layer-1.jpg,24x24,straight,"SC0001 COTTAGE LINEN,SW6395 ALCHEMY,SW6439 GREENFIELD,SW6810 LUPINE,SW6811 HONORABLE BLUE,SW0080 PINK FLAMINGO,SW6558 PLUMMY,SW6425 RELENTLESS OLIVE,SW7588 SHOW STOPPER,SW7067 CITYSCAPE"
bombay-clo-1-zamara-desert-birds,Zamara Desert Birds,<p>Zamara Desert Birds clothing pattern from Bombay (CLO-1) collection. Customize colors to match your style with our ColorFlex system.</p>,Saffron Cottage,Apparel & Accessories > Clothing,Clothing,"Bombay (CLO-1), pattern, clothing, custom-color, colorflex",TRUE,Size,One Size,bombay-clo-1-zamara-desert-birds,89.99,,TRUE,TRUE,,,continue,,https://so-animation.com/colorflex/data/collections/bombay/thumbnails/zamara-desert-birds.jpg,1,Zamara Desert Birds clothing pattern thumbnail,Zamara Desert Birds - Bombay (CLO-1) Clothing | ColorFlex,Zamara Desert Birds clothing pattern from Bombay (CLO-1). Customize colors with ColorFlex.,https://so-animation.com/colorflex/data/collections/,bombay.clo-1,zamara-desert-birds,1,./data/collections/bombay/layers/zamara-desert-birds_design_layer-1.jpg,24x24,straight,"SC0001 COTTAGE LINEN,SW6395 ALCHEMY,SW6439 GREENFIELD,SW6810 LUPINE,SW6811 HONORABLE BLUE,SW0080 PINK FLAMINGO,SW6558 PLUMMY,SW6425 RELENTLESS OLIVE,SW7588 SHOW STOPPER,SW7067 CITYSCAPE"
bombay-clo-1-raipur,Raipur,<p>Raipur clothing pattern from Bombay (CLO-1) collection. Customize colors to match your style with our ColorFlex system.</p>,Saffron Cottage,Apparel & Accessories > Clothing,Clothing,"Bombay (CLO-1), pattern, clothing, custom-color, colorflex",TRUE,Size,One Size,bombay-clo-1-raipur,89.99,,TRUE,TRUE,,,continue,,https://so-animation.com/colorflex/data/collections/bombay/thumbnails/raipur.jpg,1,Raipur clothing pattern thumbnail,Raipur - Bombay (CLO-1) Clothing | ColorFlex,Raipur clothing pattern from Bombay (CLO-1). Customize colors with ColorFlex.,https://so-animation.com/colorflex/data/collections/,bombay.clo-1,raipur,2,"./data/collections/bombay/layers/raipur_pomegrannet-trellis_layer-1.jpg,./data/collections/bombay/layers/raipur_pomegrannet-trellis_layer-2.jpg",24x24,straight,"SC0001 COTTAGE LINEN,SW6395 ALCHEMY,SW6439 GREENFIELD,SW6810 LUPINE,SW6811 HONORABLE BLUE,SW0080 PINK FLAMINGO,SW6558 PLUMMY,SW6425 RELENTLESS OLIVE,SW7588 SHOW STOPPER,SW7067 CITYSCAPE"
bombay-clo-1-balalore,Balalore,<p>Balalore clothing pattern from Bombay (CLO-1) collection. Customize colors to match your style with our ColorFlex system.</p>,Saffron Cottage,Apparel & Accessories > Clothing,Clothing,"Bombay (CLO-1), pattern, clothing, custom-color, colorflex",TRUE,Size,One Size,bombay-clo-1-balalore,89.99,,TRUE,TRUE,,,continue,,https://so-animation.com/colorflex/data/collections/bombay/thumbnails/balalore.jpg,1,Balalore clothing pattern thumbnail,Balalore - Bombay (CLO-1) Clothing | ColorFlex,Balalore clothing pattern from Bombay (CLO-1). Customize colors with ColorFlex.,https://so-animation.com/colorflex/data/collections/,bombay.clo-1,balalore,2,"./data/collections/bombay/layers/balalore_flowers_layer-1.jpg,./data/collections/bombay/layers/balalore_lattice_layer-2.jpg",24x24,straight,"SC0001 COTTAGE LINEN,SW6395 ALCHEMY,SW6439 GREENFIELD,SW6810 LUPINE,SW6811 HONORABLE BLUE,SW0080 PINK FLAMINGO,SW6558 PLUMMY,SW6425 RELENTLESS OLIVE,SW7588 SHOW STOPPER,SW7067 CITYSCAPE"
bombay-clo-1-diamond-harbour,Diamond Harbour,<p>Diamond Harbour clothing pattern from Bombay (CLO-1) collection. Customize colors to match your style with our ColorFlex system.</p>,Saffron Cottage,Apparel & Accessories > Clothing,Clothing,"Bombay (CLO-1), pattern, clothing, custom-color, colorflex",TRUE,Size,One Size,bombay-clo-1-diamond-harbour,89.99,,TRUE,TRUE,,,continue,,https://so-animation.com/colorflex/data/collections/bombay/thumbnails/diamond-harbour.jpg,1,Diamond Harbour clothing pattern thumbnail,Diamond Harbour - Bombay (CLO-1) Clothing | ColorFlex,Diamond Harbour clothing pattern from Bombay (CLO-1). Customize colors with ColorFlex.,https://so-animation.com/colorflex/data/collections/,bombay.clo-1,diamond-harbour,4,"./data/collections/bombay/layers/diamond-harbour_layer-1_layer-1.jpg,./data/collections/bombay/layers/diamond-harbour_heart_layer-2.jpg,./data/collections/bombay/layers/diamond-harbour_outside-vine_layer-3.jpg,./data/collections/bombay/layers/diamond-harbour_sprig_layer-4.jpg",24x24,straight,"SC0001 COTTAGE LINEN,SW6395 ALCHEMY,SW6439 GREENFIELD,SW6810 LUPINE,SW6811 HONORABLE BLUE,SW0080 PINK FLAMINGO,SW6558 PLUMMY,SW6425 RELENTLESS OLIVE,SW7588 SHOW STOPPER,SW7067 CITYSCAPE"
bombay-clo-1-harchandi,Harchandi,<p>Harchandi clothing pattern from Bombay (CLO-1) collection. Customize colors to match your style with our ColorFlex system.</p>,Saffron Cottage,Apparel & Accessories > Clothing,Clothing,"Bombay (CLO-1), pattern, clothing, custom-color, colorflex",TRUE,Size,One Size,bombay-clo-1-harchandi,89.99,,TRUE,TRUE,,,continue,,https://so-animation.com/colorflex/data/collections/bombay/thumbnails/harchandi.jpg,1,Harchandi clothing pattern thumbnail,Harchandi - Bombay (CLO-1) Clothing | ColorFlex,Harchandi clothing pattern from Bombay (CLO-1). Customize colors with ColorFlex.,https://so-animation.com/colorflex/data/collections/,bombay.clo-1,harchandi,1,./data/collections/bombay/layers/harchandi_design_layer-1.jpg,24x24,straight,"SC0001 COTTAGE LINEN,SW6395 ALCHEMY,SW6439 GREENFIELD,SW6810 LUPINE,SW6811 HONORABLE BLUE,SW0080 PINK FLAMINGO,SW6558 PLUMMY,SW6425 RELENTLESS OLIVE,SW7588 SHOW STOPPER,SW7067 CITYSCAPE"
bombay-clo-1-morena,Morena,<p>Morena clothing pattern from Bombay (CLO-1) collection. Customize colors to match your style with our ColorFlex system.</p>,Saffron Cottage,Apparel & Accessories > Clothing,Clothing,"Bombay (CLO-1), pattern, clothing, custom-color, colorflex",TRUE,Size,One Size,bombay-clo-1-morena,89.99,,TRUE,TRUE,,,continue,,https://so-animation.com/colorflex/data/collections/bombay/thumbnails/morena.jpg,1,Morena clothing pattern thumbnail,Morena - Bombay (CLO-1) Clothing | ColorFlex,Morena clothing pattern from Bombay (CLO-1). Customize colors with ColorFlex.,https://so-animation.com/colorflex/data/collections/,bombay.clo-1,morena,2,"./data/collections/bombay/layers/morena_central-pattern_layer-1.jpg,./data/collections/bombay/layers/morena_diamond-vine_layer-2.jpg",24x24,straight,"SC0001 COTTAGE LINEN,SW6395 ALCHEMY,SW6439 GREENFIELD,SW6810 LUPINE,SW6811 HONORABLE BLUE,SW0080 PINK FLAMINGO,SW6558 PLUMMY,SW6425 RELENTLESS OLIVE,SW7588 SHOW STOPPER,SW7067 CITYSCAPE"
bombay-clo-1-darjeeling,Darjeeling,<p>Darjeeling clothing pattern from Bombay (CLO-1) collection. Customize colors to match your style with our ColorFlex system.</p>,Saffron Cottage,Apparel & Accessories > Clothing,Clothing,"Bombay (CLO-1), pattern, clothing, custom-color, colorflex",TRUE,Size,One Size,bombay-clo-1-darjeeling,89.99,,TRUE,TRUE,,,continue,,https://so-animation.com/colorflex/data/collections/bombay/thumbnails/darjeeling.jpg,1,Darjeeling clothing pattern thumbnail,Darjeeling - Bombay (CLO-1) Clothing | ColorFlex,Darjeeling clothing pattern from Bombay (CLO-1). Customize colors with ColorFlex.,https://so-animation.com/colorflex/data/collections/,bombay.clo-1,darjeeling,2,"./data/collections/bombay/layers/darjeeling_flowers_layer-1.jpg,./data/collections/bombay/layers/darjeeling_leaves_layer-2.jpg",24x24,straight,"SC0001 COTTAGE LINEN,SW6395 ALCHEMY,SW6439 GREENFIELD,SW6810 LUPINE,SW6811 HONORABLE BLUE,SW0080 PINK FLAMINGO,SW6558 PLUMMY,SW6425 RELENTLESS OLIVE,SW7588 SHOW STOPPER,SW7067 CITYSCAPE"
bombay-clo-1-mumbai,Mumbai,<p>Mumbai clothing pattern from Bombay (CLO-1) collection. Customize colors to match your style with our ColorFlex system.</p>,Saffron Cottage,Apparel & Accessories > Clothing,Clothing,"Bombay (CLO-1), pattern, clothing, custom-color, colorflex",TRUE,Size,One Size,bombay-clo-1-mumbai,89.99,,TRUE,TRUE,,,continue,,https://so-animation.com/colorflex/data/collections/bombay/thumbnails/mumbai.jpg,1,Mumbai clothing pattern thumbnail,Mumbai - Bombay (CLO-1) Clothing | ColorFlex,Mumbai clothing pattern from Bombay (CLO-1). Customize colors with ColorFlex.,https://so-animation.com/colorflex/data/collections/,bombay.clo-1,mumbai,1,./data/collections/bombay/layers/mumbai_design_layer-1.jpg,24x24,straight,"SC0001 COTTAGE LINEN,SW6395 ALCHEMY,SW6439 GREENFIELD,SW6810 LUPINE,SW6811 HONORABLE BLUE,SW0080 PINK FLAMINGO,SW6558 PLUMMY,SW6425 RELENTLESS OLIVE,SW7588 SHOW STOPPER,SW7067 CITYSCAPE"
bombay-clo-1-star-of-india,Star Of India,<p>Star Of India clothing pattern from Bombay (CLO-1) collection. Customize colors to match your style with our ColorFlex system.</p>,Saffron Cottage,Apparel & Accessories > Clothing,Clothing,"Bombay (CLO-1), pattern, clothing, custom-color, colorflex",TRUE,Size,One Size,bombay-clo-1-star-of-india,89.99,,TRUE,TRUE,,,continue,,https://so-animation.com/colorflex/data/collections/bombay/thumbnails/star-of-india.jpg,1,Star Of India clothing pattern thumbnail,Star Of India - Bombay (CLO-1) Clothing | ColorFlex,Star Of India clothing pattern from Bombay (CLO-1). Customize colors with ColorFlex.,https://so-animation.com/colorflex/data/collections/,bombay.clo-1,star-of-india,1,./data/collections/bombay/layers/star-of-india_pattern_layer-1.jpg,24x24,straight,"SC0001 COTTAGE LINEN,SW6395 ALCHEMY,SW6439 GREENFIELD,SW6810 LUPINE,SW6811 HONORABLE BLUE,SW0080 PINK FLAMINGO,SW6558 PLUMMY,SW6425 RELENTLESS OLIVE,SW7588 SHOW STOPPER,SW7067 CITYSCAPE"
bombay-clo-1-sketched-tree,Sketched Tree,<p>Sketched Tree clothing pattern from Bombay (CLO-1) collection. Customize colors to match your style with our ColorFlex system.</p>,Saffron Cottage,Apparel & Accessories > Clothing,Clothing,"Bombay (CLO-1), pattern, clothing, custom-color, colorflex",TRUE,Size,One Size,bombay-clo-1-sketched-tree,89.99,,TRUE,TRUE,,,continue,,https://so-animation.com/colorflex/data/collections/bombay/thumbnails/sketched-tree.jpg,1,Sketched Tree clothing pattern thumbnail,Sketched Tree - Bombay (CLO-1) Clothing | ColorFlex,Sketched Tree clothing pattern from Bombay (CLO-1). Customize colors with ColorFlex.,https://so-animation.com/colorflex/data/collections/,bombay.clo-1,sketched-tree,1,./data/collections/bombay/layers/sketched-tree_pattern_layer-1.jpg,24x24,straight,"SC0001 COTTAGE LINEN,SW6395 ALCHEMY,SW6439 GREENFIELD,SW6810 LUPINE,SW6811 HONORABLE BLUE,SW0080 PINK FLAMINGO,SW6558 PLUMMY,SW6425 RELENTLESS OLIVE,SW7588 SHOW STOPPER,SW7067 CITYSCAPE"
bombay-clo-1-new-delhi,New Delhi,<p>New Delhi clothing pattern from Bombay (CLO-1) collection. Customize colors to match your style with our ColorFlex system.</p>,Saffron Cottage,Apparel & Accessories > Clothing,Clothing,"Bombay (CLO-1), pattern, clothing, custom-color, colorflex",TRUE,Size,One Size,bombay-clo-1-new-delhi,89.99,,TRUE,TRUE,,,continue,,https://so-animation.com/colorflex/data/collections/bombay/thumbnails/new-delhi.jpg,1,New Delhi clothing pattern thumbnail,New Delhi - Bombay (CLO-1) Clothing | ColorFlex,New Delhi clothing pattern from Bombay (CLO-1). Customize colors with ColorFlex.,https://so-animation.com/colorflex/data/collections/,bombay.clo-1,new-delhi,2,"./data/collections/bombay/layers/new-delhi_border-color_layer-1.jpg,./data/collections/bombay/layers/new-delhi_design_layer-2.jpg",24x24,straight,"SC0001 COTTAGE LINEN,SW6395 ALCHEMY,SW6439 GREENFIELD,SW6810 LUPINE,SW6811 HONORABLE BLUE,SW0080 PINK FLAMINGO,SW6558 PLUMMY,SW6425 RELENTLESS OLIVE,SW7588 SHOW STOPPER,SW7067 CITYSCAPE"
bombay-clo-1-bombay-tiles,Bombay Tiles,<p>Bombay Tiles clothing pattern from Bombay (CLO-1) collection. Customize colors to match your style with our ColorFlex system.</p>,Saffron Cottage,Apparel & Accessories > Clothing,Clothing,"Bombay (CLO-1), pattern, clothing, custom-color, colorflex",TRUE,Size,One Size,bombay-clo-1-bombay-tiles,89.99,,TRUE,TRUE,,,continue,,https://so-animation.com/colorflex/data/collections/bombay/thumbnails/bombay-tiles.jpg,1,Bombay Tiles clothing pattern thumbnail,Bombay Tiles - Bombay (CLO-1) Clothing | ColorFlex,Bombay Tiles clothing pattern from Bombay (CLO-1). Customize colors with ColorFlex.,https://so-animation.com/colorflex/data/collections/,bombay.clo-1,bombay-tiles,6,"./data/collections/bombay/layers/bombay-tiles_large-arch_layer-1.jpg,./data/collections/bombay/layers/bombay-tiles_outter-leaves_layer-2.jpg,./data/collections/bombay/layers/bombay-tiles_middle-leaves_layer-3.jpg,./data/collections/bombay/layers/bombay-tiles_inner-leaves_layer-4.jpg,./data/collections/bombay/layers/bombay-tiles_leaf-pettals_layer-5.jpg,./data/collections/bombay/layers/bombay-tiles_center-leaf_layer-6.jpg",24x24,straight,"SC0001 COTTAGE LINEN,SW6395 ALCHEMY,SW6439 GREENFIELD,SW6810 LUPINE,SW6811 HONORABLE BLUE,SW0080 PINK FLAMINGO,SW6558 PLUMMY,SW6425 RELENTLESS OLIVE,SW7588 SHOW STOPPER,SW7067 CITYSCAPE"
bombay-clo-1-vadodara-indian-doiley,Vadodara Indian Doiley,<p>Vadodara Indian Doiley clothing pattern from Bombay (CLO-1) collection. Customize colors to match your style with our ColorFlex system.</p>,Saffron Cottage,Apparel & Accessories > Clothing,Clothing,"Bombay (CLO-1), pattern, clothing, custom-color, colorflex",TRUE,Size,One Size,bombay-clo-1-vadodara-indian-doiley,89.99,,TRUE,TRUE,,,continue,,https://so-animation.com/colorflex/data/collections/bombay/thumbnails/vadodara-indian-doiley.jpg,1,Vadodara Indian Doiley clothing pattern thumbnail,Vadodara Indian Doiley - Bombay (CLO-1) Clothing | ColorFlex,Vadodara Indian Doiley clothing pattern from Bombay (CLO-1). Customize colors with ColorFlex.,https://so-animation.com/colorflex/data/collections/,bombay.clo-1,vadodara-indian-doiley,2,"./data/collections/bombay/layers/vadodara-indian-doiley_large-design_layer-1.jpg,./data/collections/bombay/layers/vadodara-indian-doiley_tiny-flower_layer-2.jpg",24x24,straight,"SC0001 COTTAGE LINEN,SW6395 ALCHEMY,SW6439 GREENFIELD,SW6810 LUPINE,SW6811 HONORABLE BLUE,SW0080 PINK FLAMINGO,SW6558 PLUMMY,SW6425 RELENTLESS OLIVE,SW7588 SHOW STOPPER,SW7067 CITYSCAPE"
bombay-clo-1-bombay-trellis,Bombay Trellis,<p>Bombay Trellis clothing pattern from Bombay (CLO-1) collection. Customize colors to match your style with our ColorFlex system.</p>,Saffron Cottage,Apparel & Accessories > Clothing,Clothing,"Bombay (CLO-1), pattern, clothing, custom-color, colorflex",TRUE,Size,One Size,bombay-clo-1-bombay-trellis,89.99,,TRUE,TRUE,,,continue,,https://so-animation.com/colorflex/data/collections/bombay/thumbnails/bombay-trellis.jpg,1,Bombay Trellis clothing pattern thumbnail,Bombay Trellis - Bombay (CLO-1) Clothing | ColorFlex,Bombay Trellis clothing pattern from Bombay (CLO-1). Customize colors with ColorFlex.,https://so-animation.com/colorflex/data/collections/,bombay.clo-1,bombay-trellis,2,"./data/collections/bombay/layers/bombay-trellis_layer-1_layer-1.jpg,./data/collections/bombay/layers/bombay-trellis_layer-2_layer-2.jpg",24x24,straight,"SC0001 COTTAGE LINEN,SW6395 ALCHEMY,SW6439 GREENFIELD,SW6810 LUPINE,SW6811 HONORABLE BLUE,SW0080 PINK FLAMINGO,SW6558 PLUMMY,SW6425 RELENTLESS OLIVE,SW7588 SHOW STOPPER,SW7067 CITYSCAPE"
bombay-clo-1-oulgareti,Oulgareti,<p>Oulgareti clothing pattern from Bombay (CLO-1) collection. Customize colors to match your style with our ColorFlex system.</p>,Saffron Cottage,Apparel & Accessories > Clothing,Clothing,"Bombay (CLO-1), pattern, clothing, custom-color, colorflex",TRUE,Size,One Size,bombay-clo-1-oulgareti,89.99,,TRUE,TRUE,,,continue,,https://so-animation.com/colorflex/data/collections/bombay/thumbnails/oulgareti.jpg,1,Oulgareti clothing pattern thumbnail,Oulgareti - Bombay (CLO-1) Clothing | ColorFlex,Oulgareti clothing pattern from Bombay (CLO-1). Customize colors with ColorFlex.,https://so-animation.com/colorflex/data/collections/,bombay.clo-1,oulgareti,1,./data/collections/bombay/layers/oulgareti_design_layer-1.jpg,24x24,straight,"SC0001 COTTAGE LINEN,SW6395 ALCHEMY,SW6439 GREENFIELD,SW6810 LUPINE,SW6811 HONORABLE BLUE,SW0080 PINK FLAMINGO,SW6558 PLUMMY,SW6425 RELENTLESS OLIVE,SW7588 SHOW STOPPER,SW7067 CITYSCAPE"
bombay-clo-1-arcot,Arcot,<p>Arcot clothing pattern from Bombay (CLO-1) collection. Customize colors to match your style with our ColorFlex system.</p>,Saffron Cottage,Apparel & Accessories > Clothing,Clothing,"Bombay (CLO-1), pattern, clothing, custom-color, colorflex",TRUE,Size,One Size,bombay-clo-1-arcot,89.99,,TRUE,TRUE,,,continue,,https://so-animation.com/colorflex/data/collections/bombay/thumbnails/arcot.jpg,1,Arcot clothing pattern thumbnail,Arcot - Bombay (CLO-1) Clothing | ColorFlex,Arcot clothing pattern from Bombay (CLO-1). Customize colors with ColorFlex.,https://so-animation.com/colorflex/data/collections/,bombay.clo-1,arcot,2,"./data/collections/bombay/layers/arcot_flower_layer-1.jpg,./data/collections/bombay/layers/arcot_leaves_layer-2.jpg",24x24,straight,"SC0001 COTTAGE LINEN,SW6395 ALCHEMY,SW6439 GREENFIELD,SW6810 LUPINE,SW6811 HONORABLE BLUE,SW0080 PINK FLAMINGO,SW6558 PLUMMY,SW6425 RELENTLESS OLIVE,SW7588 SHOW STOPPER,SW7067 CITYSCAPE"
bombay-clo-1-patina,Patina,<p>Patina clothing pattern from Bombay (CLO-1) collection. Customize colors to match your style with our ColorFlex system.</p>,Saffron Cottage,Apparel & Accessories > Clothing,Clothing,"Bombay (CLO-1), pattern, clothing, custom-color, colorflex",TRUE,Size,One Size,bombay-clo-1-patina,89.99,,TRUE,TRUE,,,continue,,https://so-animation.com/colorflex/data/collections/bombay/thumbnails/patina.jpg,1,Patina clothing pattern thumbnail,Patina - Bombay (CLO-1) Clothing | ColorFlex,Patina clothing pattern from Bombay (CLO-1). Customize colors with ColorFlex.,https://so-animation.com/colorflex/data/collections/,bombay.clo-1,patina,1,./data/collections/bombay/layers/patina_layer-1_layer-1.jpg,24x24,straight,"SC0001 COTTAGE LINEN,SW6395 ALCHEMY,SW6439 GREENFIELD,SW6810 LUPINE,SW6811 HONORABLE BLUE,SW0080 PINK FLAMINGO,SW6558 PLUMMY,SW6425 RELENTLESS OLIVE,SW7588 SHOW STOPPER,SW7067 CITYSCAPE"
bombay-clo-1-saino,Saino,<p>Saino clothing pattern from Bombay (CLO-1) collection. Customize colors to match your style with our ColorFlex system.</p>,Saffron Cottage,Apparel & Accessories > Clothing,Clothing,"Bombay (CLO-1), pattern, clothing, custom-color, colorflex",TRUE,Size,One Size,bombay-clo-1-saino,89.99,,TRUE,TRUE,,,continue,,https://so-animation.com/colorflex/data/collections/bombay/thumbnails/saino.jpg,1,Saino clothing pattern thumbnail,Saino - Bombay (CLO-1) Clothing | ColorFlex,Saino clothing pattern from Bombay (CLO-1). Customize colors with ColorFlex.,https://so-animation.com/colorflex/data/collections/,bombay.clo-1,saino,2,"./data/collections/bombay/layers/saino_dots_layer-1.jpg,./data/collections/bombay/layers/saino_petals_layer-2.jpg",24x24,straight,"SC0001 COTTAGE LINEN,SW6395 ALCHEMY,SW6439 GREENFIELD,SW6810 LUPINE,SW6811 HONORABLE BLUE,SW0080 PINK FLAMINGO,SW6558 PLUMMY,SW6425 RELENTLESS OLIVE,SW7588 SHOW STOPPER,SW7067 CITYSCAPE"
bombay-clo-1-jaipur-weeping-flower,Jaipur Weeping Flower,<p>Jaipur Weeping Flower clothing pattern from Bombay (CLO-1) collection. Customize colors to match your style with our ColorFlex system.</p>,Saffron Cottage,Apparel & Accessories > Clothing,Clothing,"Bombay (CLO-1), pattern, clothing, custom-color, colorflex",TRUE,Size,One Size,bombay-clo-1-jaipur-weeping-flower,89.99,,TRUE,TRUE,,,continue,,https://so-animation.com/colorflex/data/collections/bombay/thumbnails/jaipur-weeping-flower.jpg,1,Jaipur Weeping Flower clothing pattern thumbnail,Jaipur Weeping Flower - Bombay (CLO-1) Clothing | ColorFlex,Jaipur Weeping Flower clothing pattern from Bombay (CLO-1). Customize colors with ColorFlex.,https://so-animation.com/colorflex/data/collections/,bombay.clo-1,jaipur-weeping-flower,1,./data/collections/bombay/layers/jaipur-weeping-flower_design_layer-1.jpg,24x24,straight,"SC0001 COTTAGE LINEN,SW6395 ALCHEMY,SW6439 GREENFIELD,SW6810 LUPINE,SW6811 HONORABLE BLUE,SW0080 PINK FLAMINGO,SW6558 PLUMMY,SW6425 RELENTLESS OLIVE,SW7588 SHOW STOPPER,SW7067 CITYSCAPE"
bombay-clo-1-indore,Indore,<p>Indore clothing pattern from Bombay (CLO-1) collection. Customize colors to match your style with our ColorFlex system.</p>,Saffron Cottage,Apparel & Accessories > Clothing,Clothing,"Bombay (CLO-1), pattern, clothing, custom-color, colorflex",TRUE,Size,One Size,bombay-clo-1-indore,89.99,,TRUE,TRUE,,,continue,,https://so-animation.com/colorflex/data/collections/bombay/thumbnails/indore.jpg,1,Indore clothing pattern thumbnail,Indore - Bombay (CLO-1) Clothing | ColorFlex,Indore clothing pattern from Bombay (CLO-1). Customize colors with ColorFlex.,https://so-animation.com/colorflex/data/collections/,bombay.clo-1,indore,1,./data/collections/bombay/layers/indore_pattern_layer-1.jpg,24x24,straight,"SC0001 COTTAGE LINEN,SW6395 ALCHEMY,SW6439 GREENFIELD,SW6810 LUPINE,SW6811 HONORABLE BLUE,SW0080 PINK FLAMINGO,SW6558 PLUMMY,SW6425 RELENTLESS OLIVE,SW7588 SHOW STOPPER,SW7067 CITYSCAPE"
bombay-clo-1-kitanelli-two-color,Kitanelli Two Color,<p>Kitanelli Two Color clothing pattern from Bombay (CLO-1) collection. Customize colors to match your style with our ColorFlex system.</p>,Saffron Cottage,Apparel & Accessories > Clothing,Clothing,"Bombay (CLO-1), pattern, clothing, custom-color, colorflex",TRUE,Size,One Size,bombay-clo-1-kitanelli-two-color,89.99,,TRUE,TRUE,,,continue,,https://so-animation.com/colorflex/data/collections/bombay/thumbnails/kitanelli-two-color.jpg,1,Kitanelli Two Color clothing pattern thumbnail,Kitanelli Two Color - Bombay (CLO-1) Clothing | ColorFlex,Kitanelli Two Color clothing pattern from Bombay (CLO-1). Customize colors with ColorFlex.,https://so-animation.com/colorflex/data/collections/,bombay.clo-1,kitanelli-two-color,2,"./data/collections/bombay/layers/kitanelli-two-color_vines_layer-1.jpg,./data/collections/bombay/layers/kitanelli-two-color_floral_layer-2.jpg",24x24,straight,"SC0001 COTTAGE LINEN,SW6395 ALCHEMY,SW6439 GREENFIELD,SW6810 LUPINE,SW6811 HONORABLE BLUE,SW0080 PINK FLAMINGO,SW6558 PLUMMY,SW6425 RELENTLESS OLIVE,SW7588 SHOW STOPPER,SW7067 CITYSCAPE"
bombay-clo-1-bombay-gingham,Bombay Gingham,<p>Bombay Gingham clothing pattern from Bombay (CLO-1) collection. Customize colors to match your style with our ColorFlex system.</p>,Saffron Cottage,Apparel & Accessories > Clothing,Clothing,"Bombay (CLO-1), pattern, clothing, custom-color, colorflex",TRUE,Size,One Size,bombay-clo-1-bombay-gingham,89.99,,TRUE,TRUE,,,continue,,https://so-animation.com/colorflex/data/collections/bombay/thumbnails/bombay-gingham.jpg,1,Bombay Gingham clothing pattern thumbnail,Bombay Gingham - Bombay (CLO-1) Clothing | ColorFlex,Bombay Gingham clothing pattern from Bombay (CLO-1). Customize colors with ColorFlex.,https://so-animation.com/colorflex/data/collections/,bombay.clo-1,bombay-gingham,1,./data/collections/bombay/layers/bombay-gingham_plaid_layer-1.jpg,24x24,straight,"SC0001 COTTAGE LINEN,SW6395 ALCHEMY,SW6439 GREENFIELD,SW6810 LUPINE,SW6811 HONORABLE BLUE,SW0080 PINK FLAMINGO,SW6558 PLUMMY,SW6425 RELENTLESS OLIVE,SW7588 SHOW STOPPER,SW7067 CITYSCAPE"
bombay-clo-1-chakapara,Chakapara,<p>Chakapara clothing pattern from Bombay (CLO-1) collection. Customize colors to match your style with our ColorFlex system.</p>,Saffron Cottage,Apparel & Accessories > Clothing,Clothing,"Bombay (CLO-1), pattern, clothing, custom-color, colorflex",TRUE,Size,One Size,bombay-clo-1-chakapara,89.99,,TRUE,TRUE,,,continue,,https://so-animation.com/colorflex/data/collections/bombay/thumbnails/chakapara.jpg,1,Chakapara clothing pattern thumbnail,Chakapara - Bombay (CLO-1) Clothing | ColorFlex,Chakapara clothing pattern from Bombay (CLO-1). Customize colors with ColorFlex.,https://so-animation.com/colorflex/data/collections/,bombay.clo-1,chakapara,1,./data/collections/bombay/layers/chakapara_layer-1_layer-1.jpg,24x24,straight,"SC0001 COTTAGE LINEN,SW6395 ALCHEMY,SW6439 GREENFIELD,SW6810 LUPINE,SW6811 HONORABLE BLUE,SW0080 PINK FLAMINGO,SW6558 PLUMMY,SW6425 RELENTLESS OLIVE,SW7588 SHOW STOPPER,SW7067 CITYSCAPE"
bombay-clo-1-yelananka,Yelananka,<p>Yelananka clothing pattern from Bombay (CLO-1) collection. Customize colors to match your style with our ColorFlex system.</p>,Saffron Cottage,Apparel & Accessories > Clothing,Clothing,"Bombay (CLO-1), pattern, clothing, custom-color, colorflex",TRUE,Size,One Size,bombay-clo-1-yelananka,89.99,,TRUE,TRUE,,,continue,,https://so-animation.com/colorflex/data/collections/bombay/thumbnails/yelananka.jpg,1,Yelananka clothing pattern thumbnail,Yelananka - Bombay (CLO-1) Clothing | ColorFlex,Yelananka clothing pattern from Bombay (CLO-1). Customize colors with ColorFlex.,https://so-animation.com/colorflex/data/collections/,bombay.clo-1,yelananka,1,./data/collections/bombay/layers/yelananka_design_layer-1.jpg,24x24,straight,"SC0001 COTTAGE LINEN,SW6395 ALCHEMY,SW6439 GREENFIELD,SW6810 LUPINE,SW6811 HONORABLE BLUE,SW0080 PINK FLAMINGO,SW6558 PLUMMY,SW6425 RELENTLESS OLIVE,SW7588 SHOW STOPPER,SW7067 CITYSCAPE"
traditions-clo-1-cynrick,Cynrick,<p>Cynrick clothing pattern from Traditions (CLO-1) collection. Customize colors to match your style with our ColorFlex system.</p>,Saffron Cottage,Apparel & Accessories > Clothing,Clothing,"Traditions (CLO-1), pattern, clothing, custom-color, colorflex",TRUE,Size,One Size,traditions-clo-1-cynrick,89.99,,TRUE,TRUE,,,continue,,https://so-animation.com/colorflex/data/collections/traditions/thumbnails/cynrick.jpg,1,Cynrick clothing pattern thumbnail,Cynrick - Traditions (CLO-1) Clothing | ColorFlex,Cynrick clothing pattern from Traditions (CLO-1). Customize colors with ColorFlex.,https://so-animation.com/colorflex/data/collections/,traditions.clo-1,cynrick,1,./data/collections/traditions/layers/cynrick_design_layer-1.jpg,24x24,straight,"SC0001 COTTAGE LINEN,SW7069 IRON ORE,SW7067 CITYSCAPE,SW3174 LENNOX HILL TAN,SW6186 DRIED THYME,SW9130 EVERGREEN FOG,SW6212 QUIETUDE,SW6204 SEA SALT,SW7729 EDAMAME,SW7726 LEMON VERBENA,SW7699 RUSTIC CITY,SW6135 ECRU,SW6243 DISTANCE,SW6242 BRACING BLUE,SW6306 CORDIAL,SW6332 CORAL ISLAND"
traditions-clo-1-majolika,Majolika,<p>Majolika clothing pattern from Traditions (CLO-1) collection. Customize colors to match your style with our ColorFlex system.</p>,Saffron Cottage,Apparel & Accessories > Clothing,Clothing,"Traditions (CLO-1), pattern, clothing, custom-color, colorflex",TRUE,Size,One Size,traditions-clo-1-majolika,89.99,,TRUE,TRUE,,,continue,,https://so-animation.com/colorflex/data/collections/traditions/thumbnails/majolika.jpg,1,Majolika clothing pattern thumbnail,Majolika - Traditions (CLO-1) Clothing | ColorFlex,Majolika clothing pattern from Traditions (CLO-1). Customize colors with ColorFlex.,https://so-animation.com/colorflex/data/collections/,traditions.clo-1,majolika,5,"./data/collections/traditions/layers/majolika_background-floral_layer-1.jpg,./data/collections/traditions/layers/majolika_outside-medalians-_layer-2.jpg,./data/collections/traditions/layers/majolika_inside-medalians-_layer-3.jpg,./data/collections/traditions/layers/majolika_carnations-_layer-4.jpg,./data/collections/traditions/layers/majolika_outlines-_layer-5.jpg",24x24,straight,"SC0001 COTTAGE LINEN,SW7069 IRON ORE,SW7067 CITYSCAPE,SW3174 LENNOX HILL TAN,SW6186 DRIED THYME,SW9130 EVERGREEN FOG,SW6212 QUIETUDE,SW6204 SEA SALT,SW7729 EDAMAME,SW7726 LEMON VERBENA,SW7699 RUSTIC CITY,SW6135 ECRU,SW6243 DISTANCE,SW6242 BRACING BLUE,SW6306 CORDIAL,SW6332 CORAL ISLAND"
traditions-clo-1-florencia,Florencia,<p>Florencia clothing pattern from Traditions (CLO-1) collection. Customize colors to match your style with our ColorFlex system.</p>,Saffron Cottage,Apparel & Accessories > Clothing,Clothing,"Traditions (CLO-1), pattern, clothing, custom-color, colorflex",TRUE,Size,One Size,traditions-clo-1-florencia,89.99,,TRUE,TRUE,,,continue,,https://so-animation.com/colorflex/data/collections/traditions/thumbnails/florencia.jpg,1,Florencia clothing pattern thumbnail,Florencia - Traditions (CLO-1) Clothing | ColorFlex,Florencia clothing pattern from Traditions (CLO-1). Customize colors with ColorFlex.,https://so-animation.com/colorflex/data/collections/,traditions.clo-1,florencia,3,"./data/collections/traditions/layers/florencia_texture_layer-1.jpg,./data/collections/traditions/layers/florencia_latice-pattern_layer-2.jpg,./data/collections/traditions/layers/florencia_flourish_layer-3.jpg",24x24,straight,"SC0001 COTTAGE LINEN,SW7069 IRON ORE,SW7067 CITYSCAPE,SW3174 LENNOX HILL TAN,SW6186 DRIED THYME,SW9130 EVERGREEN FOG,SW6212 QUIETUDE,SW6204 SEA SALT,SW7729 EDAMAME,SW7726 LEMON VERBENA,SW7699 RUSTIC CITY,SW6135 ECRU,SW6243 DISTANCE,SW6242 BRACING BLUE,SW6306 CORDIAL,SW6332 CORAL ISLAND"
traditions-clo-1-rosehip,Rosehip,<p>Rosehip clothing pattern from Traditions (CLO-1) collection. Customize colors to match your style with our ColorFlex system.</p>,Saffron Cottage,Apparel & Accessories > Clothing,Clothing,"Traditions (CLO-1), pattern, clothing, custom-color, colorflex",TRUE,Size,One Size,traditions-clo-1-rosehip,89.99,,TRUE,TRUE,,,continue,,https://so-animation.com/colorflex/data/collections/traditions/thumbnails/rosehip.jpg,1,Rosehip clothing pattern thumbnail,Rosehip - Traditions (CLO-1) Clothing | ColorFlex,Rosehip clothing pattern from Traditions (CLO-1). Customize colors with ColorFlex.,https://so-animation.com/colorflex/data/collections/,traditions.clo-1,rosehip,4,"./data/collections/traditions/layers/rosehip_wreath_layer-1.jpg,./data/collections/traditions/layers/rosehip_round-center_layer-2.jpg,./data/collections/traditions/layers/rosehip_leaves_layer-3.jpg,./data/collections/traditions/layers/rosehip_heart-flower_layer-4.jpg",24x24,straight,"SC0001 COTTAGE LINEN,SW7069 IRON ORE,SW7067 CITYSCAPE,SW3174 LENNOX HILL TAN,SW6186 DRIED THYME,SW9130 EVERGREEN FOG,SW6212 QUIETUDE,SW6204 SEA SALT,SW7729 EDAMAME,SW7726 LEMON VERBENA,SW7699 RUSTIC CITY,SW6135 ECRU,SW6243 DISTANCE,SW6242 BRACING BLUE,SW6306 CORDIAL,SW6332 CORAL ISLAND"
traditions-clo-1-lotus-brocade,Lotus Brocade,<p>Lotus Brocade clothing pattern from Traditions (CLO-1) collection. Customize colors to match your style with our ColorFlex system.</p>,Saffron Cottage,Apparel & Accessories > Clothing,Clothing,"Traditions (CLO-1), pattern, clothing, custom-color, colorflex",TRUE,Size,One Size,traditions-clo-1-lotus-brocade,89.99,,TRUE,TRUE,,,continue,,https://so-animation.com/colorflex/data/collections/traditions/thumbnails/lotus-brocade.jpg,1,Lotus Brocade clothing pattern thumbnail,Lotus Brocade - Traditions (CLO-1) Clothing | ColorFlex,Lotus Brocade clothing pattern from Traditions (CLO-1). Customize colors with ColorFlex.,https://so-animation.com/colorflex/data/collections/,traditions.clo-1,lotus-brocade,6,"./data/collections/traditions/layers/lotus-brocade_medalions_layer-1.jpg,./data/collections/traditions/layers/lotus-brocade_sprig_layer-2.jpg,./data/collections/traditions/layers/lotus-brocade_fern_layer-3.jpg,./data/collections/traditions/layers/lotus-brocade_lotus-wreath_layer-4.jpg,./data/collections/traditions/layers/lotus-brocade_berries_layer-5.jpg,./data/collections/traditions/layers/lotus-brocade_outline_layer-6.jpg",24x24,straight,"SC0001 COTTAGE LINEN,SW7069 IRON ORE,SW7067 CITYSCAPE,SW3174 LENNOX HILL TAN,SW6186 DRIED THYME,SW9130 EVERGREEN FOG,SW6212 QUIETUDE,SW6204 SEA SALT,SW7729 EDAMAME,SW7726 LEMON VERBENA,SW7699 RUSTIC CITY,SW6135 ECRU,SW6243 DISTANCE,SW6242 BRACING BLUE,SW6306 CORDIAL,SW6332 CORAL ISLAND"
traditions-clo-1-aldred-the-dark,Aldred The Dark,<p>Aldred The Dark clothing pattern from Traditions (CLO-1) collection. Customize colors to match your style with our ColorFlex system.</p>,Saffron Cottage,Apparel & Accessories > Clothing,Clothing,"Traditions (CLO-1), pattern, clothing, custom-color, colorflex",TRUE,Size,One Size,traditions-clo-1-aldred-the-dark,89.99,,TRUE,TRUE,,,continue,,https://so-animation.com/colorflex/data/collections/traditions/thumbnails/aldred-the-dark.jpg,1,Aldred The Dark clothing pattern thumbnail,Aldred The Dark - Traditions (CLO-1) Clothing | ColorFlex,Aldred The Dark clothing pattern from Traditions (CLO-1). Customize colors with ColorFlex.,https://so-animation.com/colorflex/data/collections/,traditions.clo-1,aldred-the-dark,5,"./data/collections/traditions/layers/aldred-the-dark_shields_layer-1.jpg,./data/collections/traditions/layers/aldred-the-dark_diamond-shields_layer-2.jpg,./data/collections/traditions/layers/aldred-the-dark_pattern_layer-3.jpg,./data/collections/traditions/layers/aldred-the-dark_flower-stem_layer-4.jpg,./data/collections/traditions/layers/aldred-the-dark_frames_layer-5.jpg",24x24,straight,"SC0001 COTTAGE LINEN,SW7069 IRON ORE,SW7067 CITYSCAPE,SW3174 LENNOX HILL TAN,SW6186 DRIED THYME,SW9130 EVERGREEN FOG,SW6212 QUIETUDE,SW6204 SEA SALT,SW7729 EDAMAME,SW7726 LEMON VERBENA,SW7699 RUSTIC CITY,SW6135 ECRU,SW6243 DISTANCE,SW6242 BRACING BLUE,SW6306 CORDIAL,SW6332 CORAL ISLAND"
traditions-clo-1-agnes,Agnes,<p>Agnes clothing pattern from Traditions (CLO-1) collection. Customize colors to match your style with our ColorFlex system.</p>,Saffron Cottage,Apparel & Accessories > Clothing,Clothing,"Traditions (CLO-1), pattern, clothing, custom-color, colorflex",TRUE,Size,One Size,traditions-clo-1-agnes,89.99,,TRUE,TRUE,,,continue,,https://so-animation.com/colorflex/data/collections/traditions/thumbnails/agnes.jpg,1,Agnes clothing pattern thumbnail,Agnes - Traditions (CLO-1) Clothing | ColorFlex,Agnes clothing pattern from Traditions (CLO-1). Customize colors with ColorFlex.,https://so-animation.com/colorflex/data/collections/,traditions.clo-1,agnes,3,"./data/collections/traditions/layers/agnes_rounds_layer-1.jpg,./data/collections/traditions/layers/agnes_leaves_layer-2.jpg,./data/collections/traditions/layers/agnes_small-dots_layer-3.jpg",24x24,straight,"SC0001 COTTAGE LINEN,SW7069 IRON ORE,SW7067 CITYSCAPE,SW3174 LENNOX HILL TAN,SW6186 DRIED THYME,SW9130 EVERGREEN FOG,SW6212 QUIETUDE,SW6204 SEA SALT,SW7729 EDAMAME,SW7726 LEMON VERBENA,SW7699 RUSTIC CITY,SW6135 ECRU,SW6243 DISTANCE,SW6242 BRACING BLUE,SW6306 CORDIAL,SW6332 CORAL ISLAND"
traditions-clo-1-majolika-large,Majolika Large,<p>Majolika Large clothing pattern from Traditions (CLO-1) collection. Customize colors to match your style with our ColorFlex system.</p>,Saffron Cottage,Apparel & Accessories > Clothing,Clothing,"Traditions (CLO-1), pattern, clothing, custom-color, colorflex",TRUE,Size,One Size,traditions-clo-1-majolika-large,89.99,,TRUE,TRUE,,,continue,,https://so-animation.com/colorflex/data/collections/traditions/thumbnails/majolika-large.jpg,1,Majolika Large clothing pattern thumbnail,Majolika Large - Traditions (CLO-1) Clothing | ColorFlex,Majolika Large clothing pattern from Traditions (CLO-1). Customize colors with ColorFlex.,https://so-animation.com/colorflex/data/collections/,traditions.clo-1,majolika-large,5,"./data/collections/traditions/layers/majolika-large_background-floral_layer-1.jpg,./data/collections/traditions/layers/majolika-large_medalians-outside_layer-2.jpg,./data/collections/traditions/layers/majolika-large_medalians-inside-_layer-3.jpg,./data/collections/traditions/layers/majolika-large_carnations_layer-4.jpg,./data/collections/traditions/layers/majolika-large_outlines-_layer-5.jpg",24x24,straight,"SC0001 COTTAGE LINEN,SW7069 IRON ORE,SW7067 CITYSCAPE,SW3174 LENNOX HILL TAN,SW6186 DRIED THYME,SW9130 EVERGREEN FOG,SW6212 QUIETUDE,SW6204 SEA SALT,SW7729 EDAMAME,SW7726 LEMON VERBENA,SW7699 RUSTIC CITY,SW6135 ECRU,SW6243 DISTANCE,SW6242 BRACING BLUE,SW6306 CORDIAL,SW6332 CORAL ISLAND"
traditions-clo-1-majolika-floral,Majolika Floral,<p>Majolika Floral clothing pattern from Traditions (CLO-1) collection. Customize colors to match your style with our ColorFlex system.</p>,Saffron Cottage,Apparel & Accessories > Clothing,Clothing,"Traditions (CLO-1), pattern, clothing, custom-color, colorflex",TRUE,Size,One Size,traditions-clo-1-majolika-floral,89.99,,TRUE,TRUE,,,continue,,https://so-animation.com/colorflex/data/collections/traditions/thumbnails/majolika-floral.jpg,1,Majolika Floral clothing pattern thumbnail,Majolika Floral - Traditions (CLO-1) Clothing | ColorFlex,Majolika Floral clothing pattern from Traditions (CLO-1). Customize colors with ColorFlex.,https://so-animation.com/colorflex/data/collections/,traditions.clo-1,majolika-floral,1,./data/collections/traditions/layers/majolika-floral_pattern_layer-1.jpg,24x24,straight,"SC0001 COTTAGE LINEN,SW7069 IRON ORE,SW7067 CITYSCAPE,SW3174 LENNOX HILL TAN,SW6186 DRIED THYME,SW9130 EVERGREEN FOG,SW6212 QUIETUDE,SW6204 SEA SALT,SW7729 EDAMAME,SW7726 LEMON VERBENA,SW7699 RUSTIC CITY,SW6135 ECRU,SW6243 DISTANCE,SW6242 BRACING BLUE,SW6306 CORDIAL,SW6332 CORAL ISLAND"
traditions-clo-1-madeline,Madeline,<p>Madeline clothing pattern from Traditions (CLO-1) collection. Customize colors to match your style with our ColorFlex system.</p>,Saffron Cottage,Apparel & Accessories > Clothing,Clothing,"Traditions (CLO-1), pattern, clothing, custom-color, colorflex",TRUE,Size,One Size,traditions-clo-1-madeline,89.99,,TRUE,TRUE,,,continue,,https://so-animation.com/colorflex/data/collections/traditions/thumbnails/madeline.jpg,1,Madeline clothing pattern thumbnail,Madeline - Traditions (CLO-1) Clothing | ColorFlex,Madeline clothing pattern from Traditions (CLO-1). Customize colors with ColorFlex.,https://so-animation.com/colorflex/data/collections/,traditions.clo-1,madeline,7,"./data/collections/traditions/layers/madeline_thin-border_layer-1.jpg,./data/collections/traditions/layers/madeline_bold-border_layer-2.jpg,./data/collections/traditions/layers/madeline_vines_layer-3.jpg,./data/collections/traditions/layers/madeline_center-flower_layer-4.jpg,./data/collections/traditions/layers/madeline_mini-centers_layer-5.jpg,./data/collections/traditions/layers/madeline_center-medalions_layer-6.jpg,./data/collections/traditions/layers/madeline_double-flower_layer-7.jpg",24x24,straight,"SC0001 COTTAGE LINEN,SW7069 IRON ORE,SW7067 CITYSCAPE,SW3174 LENNOX HILL TAN,SW6186 DRIED THYME,SW9130 EVERGREEN FOG,SW6212 QUIETUDE,SW6204 SEA SALT,SW7729 EDAMAME,SW7726 LEMON VERBENA,SW7699 RUSTIC CITY,SW6135 ECRU,SW6243 DISTANCE,SW6242 BRACING BLUE,SW6306 CORDIAL,SW6332 CORAL ISLAND"
traditions-clo-1-frithwynn,Frithwynn,<p>Frithwynn clothing pattern from Traditions (CLO-1) collection. Customize colors to match your style with our ColorFlex system.</p>,Saffron Cottage,Apparel & Accessories > Clothing,Clothing,"Traditions (CLO-1), pattern, clothing, custom-color, colorflex",TRUE,Size,One Size,traditions-clo-1-frithwynn,89.99,,TRUE,TRUE,,,continue,,https://so-animation.com/colorflex/data/collections/traditions/thumbnails/frithwynn.jpg,1,Frithwynn clothing pattern thumbnail,Frithwynn - Traditions (CLO-1) Clothing | ColorFlex,Frithwynn clothing pattern from Traditions (CLO-1). Customize colors with ColorFlex.,https://so-animation.com/colorflex/data/collections/,traditions.clo-1,frithwynn,1,./data/collections/traditions/layers/frithwynn_design_layer-1.jpg,24x24,straight,"SC0001 COTTAGE LINEN,SW7069 IRON ORE,SW7067 CITYSCAPE,SW3174 LENNOX HILL TAN,SW6186 DRIED THYME,SW9130 EVERGREEN FOG,SW6212 QUIETUDE,SW6204 SEA SALT,SW7729 EDAMAME,SW7726 LEMON VERBENA,SW7699 RUSTIC CITY,SW6135 ECRU,SW6243 DISTANCE,SW6242 BRACING BLUE,SW6306 CORDIAL,SW6332 CORAL ISLAND"
traditions-clo-1-rosemary,Rosemary,<p>Rosemary clothing pattern from Traditions (CLO-1) collection. Customize colors to match your style with our ColorFlex system.</p>,Saffron Cottage,Apparel & Accessories > Clothing,Clothing,"Traditions (CLO-1), pattern, clothing, custom-color, colorflex",TRUE,Size,One Size,traditions-clo-1-rosemary,89.99,,TRUE,TRUE,,,continue,,https://so-animation.com/colorflex/data/collections/traditions/thumbnails/rosemary.jpg,1,Rosemary clothing pattern thumbnail,Rosemary - Traditions (CLO-1) Clothing | ColorFlex,Rosemary clothing pattern from Traditions (CLO-1). Customize colors with ColorFlex.,https://so-animation.com/colorflex/data/collections/,traditions.clo-1,rosemary,7,"./data/collections/traditions/layers/rosemary_large-leaves_layer-1.jpg,./data/collections/traditions/layers/rosemary_outter-frame_layer-2.jpg,./data/collections/traditions/layers/rosemary_inner-frame_layer-3.jpg,./data/collections/traditions/layers/rosemary_frame-detail_layer-4.jpg,./data/collections/traditions/layers/rosemary_flowers_layer-5.jpg,./data/collections/traditions/layers/rosemary_small-leaves_layer-6.jpg,./data/collections/traditions/layers/rosemary_tiny-swags_layer-7.jpg",24x24,straight,"SC0001 COTTAGE LINEN,SW7069 IRON ORE,SW7067 CITYSCAPE,SW3174 LENNOX HILL TAN,SW6186 DRIED THYME,SW9130 EVERGREEN FOG,SW6212 QUIETUDE,SW6204 SEA SALT,SW7729 EDAMAME,SW7726 LEMON VERBENA,SW7699 RUSTIC CITY,SW6135 ECRU,SW6243 DISTANCE,SW6242 BRACING BLUE,SW6306 CORDIAL,SW6332 CORAL ISLAND"
traditions-clo-1-arcadia,Arcadia,<p>Arcadia clothing pattern from Traditions (CLO-1) collection. Customize colors to match your style with our ColorFlex system.</p>,Saffron Cottage,Apparel & Accessories > Clothing,Clothing,"Traditions (CLO-1), pattern, clothing, custom-color, colorflex",TRUE,Size,One Size,traditions-clo-1-arcadia,89.99,,TRUE,TRUE,,,continue,,https://so-animation.com/colorflex/data/collections/traditions/thumbnails/arcadia.jpg,1,Arcadia clothing pattern thumbnail,Arcadia - Traditions (CLO-1) Clothing | ColorFlex,Arcadia clothing pattern from Traditions (CLO-1). Customize colors with ColorFlex.,https://so-animation.com/colorflex/data/collections/,traditions.clo-1,arcadia,2,"./data/collections/traditions/layers/arcadia_trees_layer-1.jpg,./data/collections/traditions/layers/arcadia_texture_layer-2.jpg",24x24,half-drop,"SC0001 COTTAGE LINEN,SW7069 IRON ORE,SW7067 CITYSCAPE,SW3174 LENNOX HILL TAN,SW6186 DRIED THYME,SW9130 EVERGREEN FOG,SW6212 QUIETUDE,SW6204 SEA SALT,SW7729 EDAMAME,SW7726 LEMON VERBENA,SW7699 RUSTIC CITY,SW6135 ECRU,SW6243 DISTANCE,SW6242 BRACING BLUE,SW6306 CORDIAL,SW6332 CORAL ISLAND"
traditions-clo-1-osburg,Osburg,<p>Osburg clothing pattern from Traditions (CLO-1) collection. Customize colors to match your style with our ColorFlex system.</p>,Saffron Cottage,Apparel & Accessories > Clothing,Clothing,"Traditions (CLO-1), pattern, clothing, custom-color, colorflex",TRUE,Size,One Size,traditions-clo-1-osburg,89.99,,TRUE,TRUE,,,continue,,https://so-animation.com/colorflex/data/collections/traditions/thumbnails/osburg.jpg,1,Osburg clothing pattern thumbnail,Osburg - Traditions (CLO-1) Clothing | ColorFlex,Osburg clothing pattern from Traditions (CLO-1). Customize colors with ColorFlex.,https://so-animation.com/colorflex/data/collections/,traditions.clo-1,osburg,1,./data/collections/traditions/layers/osburg_24x24_layer-1.jpg,24x24,straight,"SC0001 COTTAGE LINEN,SW7069 IRON ORE,SW7067 CITYSCAPE,SW3174 LENNOX HILL TAN,SW6186 DRIED THYME,SW9130 EVERGREEN FOG,SW6212 QUIETUDE,SW6204 SEA SALT,SW7729 EDAMAME,SW7726 LEMON VERBENA,SW7699 RUSTIC CITY,SW6135 ECRU,SW6243 DISTANCE,SW6242 BRACING BLUE,SW6306 CORDIAL,SW6332 CORAL ISLAND"
traditions-clo-1-esperanza,Esperanza,<p>Esperanza clothing pattern from Traditions (CLO-1) collection. Customize colors to match your style with our ColorFlex system.</p>,Saffron Cottage,Apparel & Accessories > Clothing,Clothing,"Traditions (CLO-1), pattern, clothing, custom-color, colorflex",TRUE,Size,One Size,traditions-clo-1-esperanza,89.99,,TRUE,TRUE,,,continue,,https://so-animation.com/colorflex/data/collections/traditions/thumbnails/esperanza.jpg,1,Esperanza clothing pattern thumbnail,Esperanza - Traditions (CLO-1) Clothing | ColorFlex,Esperanza clothing pattern from Traditions (CLO-1). Customize colors with ColorFlex.,https://so-animation.com/colorflex/data/collections/,traditions.clo-1,esperanza,3,"./data/collections/traditions/layers/esperanza_leaves_layer-1.jpg,./data/collections/traditions/layers/esperanza_centers_layer-2.jpg,./data/collections/traditions/layers/esperanza_flowers_layer-3.jpg",24x24,straight,"SC0001 COTTAGE LINEN,SW7069 IRON ORE,SW7067 CITYSCAPE,SW3174 LENNOX HILL TAN,SW6186 DRIED THYME,SW9130 EVERGREEN FOG,SW6212 QUIETUDE,SW6204 SEA SALT,SW7729 EDAMAME,SW7726 LEMON VERBENA,SW7699 RUSTIC CITY,SW6135 ECRU,SW6243 DISTANCE,SW6242 BRACING BLUE,SW6306 CORDIAL,SW6332 CORAL ISLAND"
traditions-clo-1-cloverdale,Cloverdale,<p>Cloverdale clothing pattern from Traditions (CLO-1) collection. Customize colors to match your style with our ColorFlex system.</p>,Saffron Cottage,Apparel & Accessories > Clothing,Clothing,"Traditions (CLO-1), pattern, clothing, custom-color, colorflex",TRUE,Size,One Size,traditions-clo-1-cloverdale,89.99,,TRUE,TRUE,,,continue,,https://so-animation.com/colorflex/data/collections/traditions/thumbnails/cloverdale.jpg,1,Cloverdale clothing pattern thumbnail,Cloverdale - Traditions (CLO-1) Clothing | ColorFlex,Cloverdale clothing pattern from Traditions (CLO-1). Customize colors with ColorFlex.,https://so-animation.com/colorflex/data/collections/,traditions.clo-1,cloverdale,5,"./data/collections/traditions/layers/cloverdale_flower_layer-1.jpg,./data/collections/traditions/layers/cloverdale_stems_layer-2.jpg,./data/collections/traditions/layers/cloverdale_round-leaf_layer-3.jpg,./data/collections/traditions/layers/cloverdale_base-leaves_layer-4.jpg,./data/collections/traditions/layers/cloverdale_tiny-flowers_layer-5.jpg",24x24,straight,"SC0001 COTTAGE LINEN,SW7069 IRON ORE,SW7067 CITYSCAPE,SW3174 LENNOX HILL TAN,SW6186 DRIED THYME,SW9130 EVERGREEN FOG,SW6212 QUIETUDE,SW6204 SEA SALT,SW7729 EDAMAME,SW7726 LEMON VERBENA,SW7699 RUSTIC CITY,SW6135 ECRU,SW6243 DISTANCE,SW6242 BRACING BLUE,SW6306 CORDIAL,SW6332 CORAL ISLAND"
traditions-clo-1-valencia,Valencia,<p>Valencia clothing pattern from Traditions (CLO-1) collection. Customize colors to match your style with our ColorFlex system.</p>,Saffron Cottage,Apparel & Accessories > Clothing,Clothing,"Traditions (CLO-1), pattern, clothing, custom-color, colorflex",TRUE,Size,One Size,traditions-clo-1-valencia,89.99,,TRUE,TRUE,,,continue,,https://so-animation.com/colorflex/data/collections/traditions/thumbnails/valencia.jpg,1,Valencia clothing pattern thumbnail,Valencia - Traditions (CLO-1) Clothing | ColorFlex,Valencia clothing pattern from Traditions (CLO-1). Customize colors with ColorFlex.,https://so-animation.com/colorflex/data/collections/,traditions.clo-1,valencia,1,./data/collections/traditions/layers/valencia_design_layer-1.jpg,24x24,straight,"SC0001 COTTAGE LINEN,SW7069 IRON ORE,SW7067 CITYSCAPE,SW3174 LENNOX HILL TAN,SW6186 DRIED THYME,SW9130 EVERGREEN FOG,SW6212 QUIETUDE,SW6204 SEA SALT,SW7729 EDAMAME,SW7726 LEMON VERBENA,SW7699 RUSTIC CITY,SW6135 ECRU,SW6243 DISTANCE,SW6242 BRACING BLUE,SW6306 CORDIAL,SW6332 CORAL ISLAND"
folksie-clo-1-flame-tree,Flame Tree,<p>Flame Tree clothing pattern from Folksie (CLO-1) collection. Customize colors to match your style with our ColorFlex system.</p>,Saffron Cottage,Apparel & Accessories > Clothing,Clothing,"Folksie (CLO-1), pattern, clothing, custom-color, colorflex",TRUE,Size,One Size,folksie-clo-1-flame-tree,89.99,,TRUE,TRUE,,,continue,,https://so-animation.com/colorflex/data/collections/folksie/thumbnails/flame-tree.jpg,1,Flame Tree clothing pattern thumbnail,Flame Tree - Folksie (CLO-1) Clothing | ColorFlex,Flame Tree clothing pattern from Folksie (CLO-1). Customize colors with ColorFlex.,https://so-animation.com/colorflex/data/collections/,folksie.clo-1,flame-tree,2,"./data/collections/folksie/layers/flame-tree_trees_layer-1.jpg,./data/collections/folksie/layers/flame-tree_flames_layer-2.jpg",24x24,straight,"SC0002 COTTAGE COAL,SW7069 IRON ORE,SW7067 CITYSCAPE,SW3174 LENNOX HILL TAN,SC0001 COTTAGE LINEN,SW7729 EDAMAME,SW7726 LEMON VERBENA,SW6212 QUIETUDE,SW7699 RUSTIC CITY,SW6332 CORAL ISLAND,SW6306 CORDIAL,SW6135 ECRU,SW6242 BRACING BLUE,SW6243 DISTANCE,SW6186 DRIED THYME,SW9130 EVERGREEN FOG,SW6204 SEA SALT"
folksie-clo-1-folk-vine,Folk Vine,<p>Folk Vine clothing pattern from Folksie (CLO-1) collection. Customize colors to match your style with our ColorFlex system.</p>,Saffron Cottage,Apparel & Accessories > Clothing,Clothing,"Folksie (CLO-1), pattern, clothing, custom-color, colorflex",TRUE,Size,One Size,folksie-clo-1-folk-vine,89.99,,TRUE,TRUE,,,continue,,https://so-animation.com/colorflex/data/collections/folksie/thumbnails/folk-vine.jpg,1,Folk Vine clothing pattern thumbnail,Folk Vine - Folksie (CLO-1) Clothing | ColorFlex,Folk Vine clothing pattern from Folksie (CLO-1). Customize colors with ColorFlex.,https://so-animation.com/colorflex/data/collections/,folksie.clo-1,folk-vine,9,"./data/collections/folksie/layers/folk-vine_outter-leaves_layer-1.jpg,./data/collections/folksie/layers/folk-vine_center-leaves_layer-2.jpg,./data/collections/folksie/layers/folk-vine_berries_layer-3.jpg,./data/collections/folksie/layers/folk-vine_lillies_layer-4.jpg,./data/collections/folksie/layers/folk-vine_round-flowers_layer-5.jpg,./data/collections/folksie/layers/folk-vine_flower-centers_layer-6.jpg,./data/collections/folksie/layers/folk-vine_small-flowers_layer-7.jpg,./data/collections/folksie/layers/folk-vine_tiny-flowers_layer-8.jpg,./data/collections/folksie/layers/folk-vine_tulips_layer-9.jpg",24x24,straight,"SC0002 COTTAGE COAL,SW7069 IRON ORE,SW7067 CITYSCAPE,SW3174 LENNOX HILL TAN,SC0001 COTTAGE LINEN,SW7729 EDAMAME,SW7726 LEMON VERBENA,SW6212 QUIETUDE,SW7699 RUSTIC CITY,SW6332 CORAL ISLAND,SW6306 CORDIAL,SW6135 ECRU,SW6242 BRACING BLUE,SW6243 DISTANCE,SW6186 DRIED THYME,SW9130 EVERGREEN FOG,SW6204 SEA SALT"
folksie-clo-1-cherie-cherie,Cherie Cherie,<p>Cherie Cherie clothing pattern from Folksie (CLO-1) collection. Customize colors to match your style with our ColorFlex system.</p>,Saffron Cottage,Apparel & Accessories > Clothing,Clothing,"Folksie (CLO-1), pattern, clothing, custom-color, colorflex",TRUE,Size,One Size,folksie-clo-1-cherie-cherie,89.99,,TRUE,TRUE,,,continue,,https://so-animation.com/colorflex/data/collections/folksie/thumbnails/cherie-cherie.jpg,1,Cherie Cherie clothing pattern thumbnail,Cherie Cherie - Folksie (CLO-1) Clothing | ColorFlex,Cherie Cherie clothing pattern from Folksie (CLO-1). Customize colors with ColorFlex.,https://so-animation.com/colorflex/data/collections/,folksie.clo-1,cherie-cherie,4,"./data/collections/folksie/layers/cherie-cherie_texture_layer-1.jpg,./data/collections/folksie/layers/cherie-cherie_cherries_layer-2.jpg,./data/collections/folksie/layers/cherie-cherie_leaves_layer-3.jpg,./data/collections/folksie/layers/cherie-cherie_design_layer-4.jpg",24x24,straight,"SC0002 COTTAGE COAL,SW7069 IRON ORE,SW7067 CITYSCAPE,SW3174 LENNOX HILL TAN,SC0001 COTTAGE LINEN,SW7729 EDAMAME,SW7726 LEMON VERBENA,SW6212 QUIETUDE,SW7699 RUSTIC CITY,SW6332 CORAL ISLAND,SW6306 CORDIAL,SW6135 ECRU,SW6242 BRACING BLUE,SW6243 DISTANCE,SW6186 DRIED THYME,SW9130 EVERGREEN FOG,SW6204 SEA SALT"
folksie-clo-1-my-cherie-amour,My Cherie Amour,<p>My Cherie Amour clothing pattern from Folksie (CLO-1) collection. Customize colors to match your style with our ColorFlex system.</p>,Saffron Cottage,Apparel & Accessories > Clothing,Clothing,"Folksie (CLO-1), pattern, clothing, custom-color, colorflex",TRUE,Size,One Size,folksie-clo-1-my-cherie-amour,89.99,,TRUE,TRUE,,,continue,,https://so-animation.com/colorflex/data/collections/folksie/thumbnails/my-cherie-amour.jpg,1,My Cherie Amour clothing pattern thumbnail,My Cherie Amour - Folksie (CLO-1) Clothing | ColorFlex,My Cherie Amour clothing pattern from Folksie (CLO-1). Customize colors with ColorFlex.,https://so-animation.com/colorflex/data/collections/,folksie.clo-1,my-cherie-amour,6,"./data/collections/folksie/layers/my-cherie-amour_texture_layer-1.jpg,./data/collections/folksie/layers/my-cherie-amour_cherries_layer-2.jpg,./data/collections/folksie/layers/my-cherie-amour_leaves_layer-3.jpg,./data/collections/folksie/layers/my-cherie-amour_left-side-twig_layer-4.jpg,./data/collections/folksie/layers/my-cherie-amour_right-side-twig_layer-5.jpg,./data/collections/folksie/layers/my-cherie-amour_black-outline_layer-6.jpg",24x24,straight,"SC0002 COTTAGE COAL,SW7069 IRON ORE,SW7067 CITYSCAPE,SW3174 LENNOX HILL TAN,SC0001 COTTAGE LINEN,SW7729 EDAMAME,SW7726 LEMON VERBENA,SW6212 QUIETUDE,SW7699 RUSTIC CITY,SW6332 CORAL ISLAND,SW6306 CORDIAL,SW6135 ECRU,SW6242 BRACING BLUE,SW6243 DISTANCE,SW6186 DRIED THYME,SW9130 EVERGREEN FOG,SW6204 SEA SALT"
geometry-clo-1-meet-in-the-middle,Meet In The Middle,<p>Meet In The Middle clothing pattern from Geometry (CLO-1) collection. Customize colors to match your style with our ColorFlex system.</p>,Saffron Cottage,Apparel & Accessories > Clothing,Clothing,"Geometry (CLO-1), pattern, clothing, custom-color, colorflex",TRUE,Size,One Size,geometry-clo-1-meet-in-the-middle,89.99,,TRUE,TRUE,,,continue,,https://so-animation.com/colorflex/data/collections/geometry/thumbnails/meet-in-the-middle.jpg,1,Meet In The Middle clothing pattern thumbnail,Meet In The Middle - Geometry (CLO-1) Clothing | ColorFlex,Meet In The Middle clothing pattern from Geometry (CLO-1). Customize colors with ColorFlex.,https://so-animation.com/colorflex/data/collections/,geometry.clo-1,meet-in-the-middle,2,"./data/collections/geometry/layers/meet-in-the-middle_outline_layer-1.jpg,./data/collections/geometry/layers/meet-in-the-middle_center-line_layer-2.jpg",24x24,straight,"SC0002 COTTAGE COAL,SC0001 COTTAGE LINEN,SW7069 IRON ORE,SW7068 GRIZZLE GRAY,SW7067 CITYSCAPE,SW9163 TIN LIZZIE,SW7065 ARGOS,SW3441 FOOTHILLS,SW6158 SAWDUST,SW3174 LENNOX HILL TAN,SW6135 ECRU,SW7699 RUSTIC CITY"
geometry-clo-1-riparian,Riparian,<p>Riparian clothing pattern from Geometry (CLO-1) collection. Customize colors to match your style with our ColorFlex system.</p>,Saffron Cottage,Apparel & Accessories > Clothing,Clothing,"Geometry (CLO-1), pattern, clothing, custom-color, colorflex",TRUE,Size,One Size,geometry-clo-1-riparian,89.99,,TRUE,TRUE,,,continue,,https://so-animation.com/colorflex/data/collections/geometry/thumbnails/riparian.jpg,1,Riparian clothing pattern thumbnail,Riparian - Geometry (CLO-1) Clothing | ColorFlex,Riparian clothing pattern from Geometry (CLO-1). Customize colors with ColorFlex.,https://so-animation.com/colorflex/data/collections/,geometry.clo-1,riparian,5,"./data/collections/geometry/layers/riparian_vertical-left_layer-1.jpg,./data/collections/geometry/layers/riparian_vertical-right_layer-2.jpg,./data/collections/geometry/layers/riparian_horizontal-top_layer-3.jpg,./data/collections/geometry/layers/riparian_horizontal-bottom_layer-4.jpg,./data/collections/geometry/layers/riparian_dots_layer-5.jpg",24x24,straight,"SC0002 COTTAGE COAL,SC0001 COTTAGE LINEN,SW7069 IRON ORE,SW7068 GRIZZLE GRAY,SW7067 CITYSCAPE,SW9163 TIN LIZZIE,SW7065 ARGOS,SW3441 FOOTHILLS,SW6158 SAWDUST,SW3174 LENNOX HILL TAN,SW6135 ECRU,SW7699 RUSTIC CITY"
geometry-clo-1-fluvial,Fluvial,<p>Fluvial clothing pattern from Geometry (CLO-1) collection. Customize colors to match your style with our ColorFlex system.</p>,Saffron Cottage,Apparel & Accessories > Clothing,Clothing,"Geometry (CLO-1), pattern, clothing, custom-color, colorflex",TRUE,Size,One Size,geometry-clo-1-fluvial,89.99,,TRUE,TRUE,,,continue,,https://so-animation.com/colorflex/data/collections/geometry/thumbnails/fluvial.jpg,1,Fluvial clothing pattern thumbnail,Fluvial - Geometry (CLO-1) Clothing | ColorFlex,Fluvial clothing pattern from Geometry (CLO-1). Customize colors with ColorFlex.,https://so-animation.com/colorflex/data/collections/,geometry.clo-1,fluvial,3,"./data/collections/geometry/layers/fluvial_left-side_layer-1.jpg,./data/collections/geometry/layers/fluvial_right-side_layer-2.jpg,./data/collections/geometry/layers/fluvial_top-of-block_layer-3.jpg",24x24,straight,"SC0002 COTTAGE COAL,SC0001 COTTAGE LINEN,SW7069 IRON ORE,SW7068 GRIZZLE GRAY,SW7067 CITYSCAPE,SW9163 TIN LIZZIE,SW7065 ARGOS,SW3441 FOOTHILLS,SW6158 SAWDUST,SW3174 LENNOX HILL TAN,SW6135 ECRU,SW7699 RUSTIC CITY"
geometry-clo-1-meander,Meander,<p>Meander clothing pattern from Geometry (CLO-1) collection. Customize colors to match your style with our ColorFlex system.</p>,Saffron Cottage,Apparel & Accessories > Clothing,Clothing,"Geometry (CLO-1), pattern, clothing, custom-color, colorflex",TRUE,Size,One Size,geometry-clo-1-meander,89.99,,TRUE,TRUE,,,continue,,https://so-animation.com/colorflex/data/collections/geometry/thumbnails/meander.jpg,1,Meander clothing pattern thumbnail,Meander - Geometry (CLO-1) Clothing | ColorFlex,Meander clothing pattern from Geometry (CLO-1). Customize colors with ColorFlex.,https://so-animation.com/colorflex/data/collections/,geometry.clo-1,meander,6,"./data/collections/geometry/layers/meander_tiny-diamond_layer-1.jpg,./data/collections/geometry/layers/meander_diamond-center_layer-2.jpg,./data/collections/geometry/layers/meander_dot_layer-3.jpg,./data/collections/geometry/layers/meander_diamond-middle_layer-4.jpg,./data/collections/geometry/layers/meander_bracket_layer-5.jpg,./data/collections/geometry/layers/meander_diamond-outside_layer-6.jpg",24x24,straight,"SC0002 COTTAGE COAL,SC0001 COTTAGE LINEN,SW7069 IRON ORE,SW7068 GRIZZLE GRAY,SW7067 CITYSCAPE,SW9163 TIN LIZZIE,SW7065 ARGOS,SW3441 FOOTHILLS,SW6158 SAWDUST,SW3174 LENNOX HILL TAN,SW6135 ECRU,SW7699 RUSTIC CITY"
geometry-clo-1-eddy,Eddy,<p>Eddy clothing pattern from Geometry (CLO-1) collection. Customize colors to match your style with our ColorFlex system.</p>,Saffron Cottage,Apparel & Accessories > Clothing,Clothing,"Geometry (CLO-1), pattern, clothing, custom-color, colorflex",TRUE,Size,One Size,geometry-clo-1-eddy,89.99,,TRUE,TRUE,,,continue,,https://so-animation.com/colorflex/data/collections/geometry/thumbnails/eddy.jpg,1,Eddy clothing pattern thumbnail,Eddy - Geometry (CLO-1) Clothing | ColorFlex,Eddy clothing pattern from Geometry (CLO-1). Customize colors with ColorFlex.,https://so-animation.com/colorflex/data/collections/,geometry.clo-1,eddy,1,./data/collections/geometry/layers/eddy_design_layer-1.jpg,24x24,half-drop,"SC0002 COTTAGE COAL,SC0001 COTTAGE LINEN,SW7069 IRON ORE,SW7068 GRIZZLE GRAY,SW7067 CITYSCAPE,SW9163 TIN LIZZIE,SW7065 ARGOS,SW3441 FOOTHILLS,SW6158 SAWDUST,SW3174 LENNOX HILL TAN,SW6135 ECRU,SW7699 RUSTIC CITY"
geometry-clo-1-allurium,Allurium,<p>Allurium clothing pattern from Geometry (CLO-1) collection. Customize colors to match your style with our ColorFlex system.</p>,Saffron Cottage,Apparel & Accessories > Clothing,Clothing,"Geometry (CLO-1), pattern, clothing, custom-color, colorflex",TRUE,Size,One Size,geometry-clo-1-allurium,89.99,,TRUE,TRUE,,,continue,,https://so-animation.com/colorflex/data/collections/geometry/thumbnails/allurium.jpg,1,Allurium clothing pattern thumbnail,Allurium - Geometry (CLO-1) Clothing | ColorFlex,Allurium clothing pattern from Geometry (CLO-1). Customize colors with ColorFlex.,https://so-animation.com/colorflex/data/collections/,geometry.clo-1,allurium,3,"./data/collections/geometry/layers/allurium_left_layer-1.jpg,./data/collections/geometry/layers/allurium_center_layer-2.jpg,./data/collections/geometry/layers/allurium_right_layer-3.jpg",24x24,straight,"SC0002 COTTAGE COAL,SC0001 COTTAGE LINEN,SW7069 IRON ORE,SW7068 GRIZZLE GRAY,SW7067 CITYSCAPE,SW9163 TIN LIZZIE,SW7065 ARGOS,SW3441 FOOTHILLS,SW6158 SAWDUST,SW3174 LENNOX HILL TAN,SW6135 ECRU,SW7699 RUSTIC CITY"
geometry-clo-1-thalweg,Thalweg,<p>Thalweg clothing pattern from Geometry (CLO-1) collection. Customize colors to match your style with our ColorFlex system.</p>,Saffron Cottage,Apparel & Accessories > Clothing,Clothing,"Geometry (CLO-1), pattern, clothing, custom-color, colorflex",TRUE,Size,One Size,geometry-clo-1-thalweg,89.99,,TRUE,TRUE,,,continue,,https://so-animation.com/colorflex/data/collections/geometry/thumbnails/thalweg.jpg,1,Thalweg clothing pattern thumbnail,Thalweg - Geometry (CLO-1) Clothing | ColorFlex,Thalweg clothing pattern from Geometry (CLO-1). Customize colors with ColorFlex.,https://so-animation.com/colorflex/data/collections/,geometry.clo-1,thalweg,5,"./data/collections/geometry/layers/thalweg_texture_layer-1.jpg,./data/collections/geometry/layers/thalweg_shape2_layer-2.jpg,./data/collections/geometry/layers/thalweg_-shape3_layer-3.jpg,./data/collections/geometry/layers/thalweg_shape4--layer-4_layer-4.jpg,./data/collections/geometry/layers/thalweg_shape5_layer-5.jpg",24x24,straight,"SC0002 COTTAGE COAL,SC0001 COTTAGE LINEN,SW7069 IRON ORE,SW7068 GRIZZLE GRAY,SW7067 CITYSCAPE,SW9163 TIN LIZZIE,SW7065 ARGOS,SW3441 FOOTHILLS,SW6158 SAWDUST,SW3174 LENNOX HILL TAN,SW6135 ECRU,SW7699 RUSTIC CITY"
geometry-clo-1-oxbow,Oxbow,<p>Oxbow clothing pattern from Geometry (CLO-1) collection. Customize colors to match your style with our ColorFlex system.</p>,Saffron Cottage,Apparel & Accessories > Clothing,Clothing,"Geometry (CLO-1), pattern, clothing, custom-color, colorflex",TRUE,Size,One Size,geometry-clo-1-oxbow,89.99,,TRUE,TRUE,,,continue,,https://so-animation.com/colorflex/data/collections/geometry/thumbnails/oxbow.jpg,1,Oxbow clothing pattern thumbnail,Oxbow - Geometry (CLO-1) Clothing | ColorFlex,Oxbow clothing pattern from Geometry (CLO-1). Customize colors with ColorFlex.,https://so-animation.com/colorflex/data/collections/,geometry.clo-1,oxbow,6,"./data/collections/geometry/layers/oxbow_dots-1_layer-1.jpg,./data/collections/geometry/layers/oxbow_dots-2_layer-2.jpg,./data/collections/geometry/layers/oxbow_dots-3_layer-3.jpg,./data/collections/geometry/layers/oxbow_dots-4-_layer-4.jpg,./data/collections/geometry/layers/oxbow_dots-5_layer-5.jpg,./data/collections/geometry/layers/oxbow_fuzzy-layer_layer-6.jpg",24x24,straight,"SC0002 COTTAGE COAL,SC0001 COTTAGE LINEN,SW7069 IRON ORE,SW7068 GRIZZLE GRAY,SW7067 CITYSCAPE,SW9163 TIN LIZZIE,SW7065 ARGOS,SW3441 FOOTHILLS,SW6158 SAWDUST,SW3174 LENNOX HILL TAN,SW6135 ECRU,SW7699 RUSTIC CITY"
geometry-clo-1-rapids,Rapids,<p>Rapids clothing pattern from Geometry (CLO-1) collection. Customize colors to match your style with our ColorFlex system.</p>,Saffron Cottage,Apparel & Accessories > Clothing,Clothing,"Geometry (CLO-1), pattern, clothing, custom-color, colorflex",TRUE,Size,One Size,geometry-clo-1-rapids,89.99,,TRUE,TRUE,,,continue,,https://so-animation.com/colorflex/data/collections/geometry/thumbnails/rapids.jpg,1,Rapids clothing pattern thumbnail,Rapids - Geometry (CLO-1) Clothing | ColorFlex,Rapids clothing pattern from Geometry (CLO-1). Customize colors with ColorFlex.,https://so-animation.com/colorflex/data/collections/,geometry.clo-1,rapids,8,"./data/collections/geometry/layers/rapids_center_layer-1.jpg,./data/collections/geometry/layers/rapids_lines-1_layer-2.jpg,./data/collections/geometry/layers/rapids_lines-2_layer-3.jpg,./data/collections/geometry/layers/rapids_lines-3_layer-4.jpg,./data/collections/geometry/layers/rapids_lines-4_layer-5.jpg,./data/collections/geometry/layers/rapids_lines-5_layer-6.jpg,./data/collections/geometry/layers/rapids_lines-6_layer-7.jpg,./data/collections/geometry/layers/rapids_lines-7_layer-8.jpg",24x24,straight,"SC0002 COTTAGE COAL,SC0001 COTTAGE LINEN,SW7069 IRON ORE,SW7068 GRIZZLE GRAY,SW7067 CITYSCAPE,SW9163 TIN LIZZIE,SW7065 ARGOS,SW3441 FOOTHILLS,SW6158 SAWDUST,SW3174 LENNOX HILL TAN,SW6135 ECRU,SW7699 RUSTIC CITY"
ikats-clo-1-jassar,Jassar,<p>Jassar clothing pattern from Ikats (CLO-1) collection. Customize colors to match your style with our ColorFlex system.</p>,Saffron Cottage,Apparel & Accessories > Clothing,Clothing,"Ikats (CLO-1), pattern, clothing, custom-color, colorflex",TRUE,Size,One Size,ikats-clo-1-jassar,89.99,,TRUE,TRUE,,,continue,,https://so-animation.com/colorflex/data/collections/ikats/thumbnails/jassar.jpg,1,Jassar clothing pattern thumbnail,Jassar - Ikats (CLO-1) Clothing | ColorFlex,Jassar clothing pattern from Ikats (CLO-1). Customize colors with ColorFlex.,https://so-animation.com/colorflex/data/collections/,ikats.clo-1,jassar,2,"./data/collections/ikats/layers/jassar_texture_layer-1.jpg,./data/collections/ikats/layers/jassar_zig-zag_layer-2.jpg",24x24,straight,"SW7069 Iron Ore,SW7067 Cityscape,SW3441 Foothills,SW6135 Ecru,SW7699 Rustic City,SW6206 Oyster Bay,SW6186 Dried Thyme,SW1472 Slate Tile,SW0006 Toile Red"
ikats-clo-1-jahmal,Jahmal,<p>Jahmal clothing pattern from Ikats (CLO-1) collection. Customize colors to match your style with our ColorFlex system.</p>,Saffron Cottage,Apparel & Accessories > Clothing,Clothing,"Ikats (CLO-1), pattern, clothing, custom-color, colorflex",TRUE,Size,One Size,ikats-clo-1-jahmal,89.99,,TRUE,TRUE,,,continue,,https://so-animation.com/colorflex/data/collections/ikats/thumbnails/jahmal.jpg,1,Jahmal clothing pattern thumbnail,Jahmal - Ikats (CLO-1) Clothing | ColorFlex,Jahmal clothing pattern from Ikats (CLO-1). Customize colors with ColorFlex.,https://so-animation.com/colorflex/data/collections/,ikats.clo-1,jahmal,3,"./data/collections/ikats/layers/jahmal_texture_layer-1.jpg,./data/collections/ikats/layers/jahmal_sm-dots_layer-2.jpg,./data/collections/ikats/layers/jahmal_lg-pattern_layer-3.jpg",24x24,straight,"SW7069 Iron Ore,SW7067 Cityscape,SW3441 Foothills,SW6135 Ecru,SW7699 Rustic City,SW6206 Oyster Bay,SW6186 Dried Thyme,SW1472 Slate Tile,SW0006 Toile Red"
ikats-clo-1-jumana,Jumana,<p>Jumana clothing pattern from Ikats (CLO-1) collection. Customize colors to match your style with our ColorFlex system.</p>,Saffron Cottage,Apparel & Accessories > Clothing,Clothing,"Ikats (CLO-1), pattern, clothing, custom-color, colorflex",TRUE,Size,One Size,ikats-clo-1-jumana,89.99,,TRUE,TRUE,,,continue,,https://so-animation.com/colorflex/data/collections/ikats/thumbnails/jumana.jpg,1,Jumana clothing pattern thumbnail,Jumana - Ikats (CLO-1) Clothing | ColorFlex,Jumana clothing pattern from Ikats (CLO-1). Customize colors with ColorFlex.,https://so-animation.com/colorflex/data/collections/,ikats.clo-1,jumana,3,"./data/collections/ikats/layers/jumana_texture_layer-1.jpg,./data/collections/ikats/layers/jumana_round_layer-2.jpg,./data/collections/ikats/layers/jumana_corners_layer-3.jpg",24x24,straight,"SW7069 Iron Ore,SW7067 Cityscape,SW3441 Foothills,SW6135 Ecru,SW7699 Rustic City,SW6206 Oyster Bay,SW6186 Dried Thyme,SW1472 Slate Tile,SW0006 Toile Red"
ikats-clo-1-jasseer,Jasseer,<p>Jasseer clothing pattern from Ikats (CLO-1) collection. Customize colors to match your style with our ColorFlex system.</p>,Saffron Cottage,Apparel & Accessories > Clothing,Clothing,"Ikats (CLO-1), pattern, clothing, custom-color, colorflex",TRUE,Size,One Size,ikats-clo-1-jasseer,89.99,,TRUE,TRUE,,,continue,,https://so-animation.com/colorflex/data/collections/ikats/thumbnails/jasseer.jpg,1,Jasseer clothing pattern thumbnail,Jasseer - Ikats (CLO-1) Clothing | ColorFlex,Jasseer clothing pattern from Ikats (CLO-1). Customize colors with ColorFlex.,https://so-animation.com/colorflex/data/collections/,ikats.clo-1,jasseer,6,"./data/collections/ikats/layers/jasseer_layer-1_layer-1.jpg,./data/collections/ikats/layers/jasseer_large-diamond_layer-2.jpg,./data/collections/ikats/layers/jasseer_inner-diamond_layer-3.jpg,./data/collections/ikats/layers/jasseer_x-design_layer-4.jpg,./data/collections/ikats/layers/jasseer_dots_layer-5.jpg,./data/collections/ikats/layers/jasseer_small-diamonds_layer-6.jpg",24x24,straight,"SW7069 Iron Ore,SW7067 Cityscape,SW3441 Foothills,SW6135 Ecru,SW7699 Rustic City,SW6206 Oyster Bay,SW6186 Dried Thyme,SW1472 Slate Tile,SW0006 Toile Red"
ikats-clo-1-jubal,Jubal,<p>Jubal clothing pattern from Ikats (CLO-1) collection. Customize colors to match your style with our ColorFlex system.</p>,Saffron Cottage,Apparel & Accessories > Clothing,Clothing,"Ikats (CLO-1), pattern, clothing, custom-color, colorflex",TRUE,Size,One Size,ikats-clo-1-jubal,89.99,,TRUE,TRUE,,,continue,,https://so-animation.com/colorflex/data/collections/ikats/thumbnails/jubal.jpg,1,Jubal clothing pattern thumbnail,Jubal - Ikats (CLO-1) Clothing | ColorFlex,Jubal clothing pattern from Ikats (CLO-1). Customize colors with ColorFlex.,https://so-animation.com/colorflex/data/collections/,ikats.clo-1,jubal,6,"./data/collections/ikats/layers/jubal_texture_layer-1.jpg,./data/collections/ikats/layers/jubal_large-feature_layer-2.jpg,./data/collections/ikats/layers/jubal_large-diamond_layer-3.jpg,./data/collections/ikats/layers/jubal_inner-diamond_layer-4.jpg,./data/collections/ikats/layers/jubal_feathered-pattern_layer-5.jpg,./data/collections/ikats/layers/jubal_tiny-diamond_layer-6.jpg",24x24,straight,"SW7069 Iron Ore,SW7067 Cityscape,SW3441 Foothills,SW6135 Ecru,SW7699 Rustic City,SW6206 Oyster Bay,SW6186 Dried Thyme,SW1472 Slate Tile,SW0006 Toile Red"
ikats-clo-1-jazmah,Jazmah,<p>Jazmah clothing pattern from Ikats (CLO-1) collection. Customize colors to match your style with our ColorFlex system.</p>,Saffron Cottage,Apparel & Accessories > Clothing,Clothing,"Ikats (CLO-1), pattern, clothing, custom-color, colorflex",TRUE,Size,One Size,ikats-clo-1-jazmah,89.99,,TRUE,TRUE,,,continue,,https://so-animation.com/colorflex/data/collections/ikats/thumbnails/jazmah.jpg,1,Jazmah clothing pattern thumbnail,Jazmah - Ikats (CLO-1) Clothing | ColorFlex,Jazmah clothing pattern from Ikats (CLO-1). Customize colors with ColorFlex.,https://so-animation.com/colorflex/data/collections/,ikats.clo-1,jazmah,6,"./data/collections/ikats/layers/jazmah_texture_layer-1.jpg,./data/collections/ikats/layers/jazmah_lg-teardrop_layer-2.jpg,./data/collections/ikats/layers/jazmah_figure_layer-3.jpg,./data/collections/ikats/layers/jazmah_plant_layer-4.jpg,./data/collections/ikats/layers/jazmah_arrow_layer-5.jpg,./data/collections/ikats/layers/jazmah_dot_layer-6.jpg",24x24,straight,"SW7069 Iron Ore,SW7067 Cityscape,SW3441 Foothills,SW6135 Ecru,SW7699 Rustic City,SW6206 Oyster Bay,SW6186 Dried Thyme,SW1472 Slate Tile,SW0006 Toile Red"
ikats-clo-1-jubran,Jubran,<p>Jubran clothing pattern from Ikats (CLO-1) collection. Customize colors to match your style with our ColorFlex system.</p>,Saffron Cottage,Apparel & Accessories > Clothing,Clothing,"Ikats (CLO-1), pattern, clothing, custom-color, colorflex",TRUE,Size,One Size,ikats-clo-1-jubran,89.99,,TRUE,TRUE,,,continue,,https://so-animation.com/colorflex/data/collections/ikats/thumbnails/jubran.jpg,1,Jubran clothing pattern thumbnail,Jubran - Ikats (CLO-1) Clothing | ColorFlex,Jubran clothing pattern from Ikats (CLO-1). Customize colors with ColorFlex.,https://so-animation.com/colorflex/data/collections/,ikats.clo-1,jubran,6,"./data/collections/ikats/layers/jubran_brackets_layer-1.jpg,./data/collections/ikats/layers/jubran_outside-diamond_layer-2.jpg,./data/collections/ikats/layers/jubran_middle-diamond_layer-3.jpg,./data/collections/ikats/layers/jubran_tiny-diamond_layer-4.jpg,./data/collections/ikats/layers/jubran_layer-5_layer-5.jpg,./data/collections/ikats/layers/jubran_layer-6_layer-6.jpg",24x24,straight,"SW7069 Iron Ore,SW7067 Cityscape,SW3441 Foothills,SW6135 Ecru,SW7699 Rustic City,SW6206 Oyster Bay,SW6186 Dried Thyme,SW1472 Slate Tile,SW0006 Toile Red"
ikats-clo-1-jathar,Jathar,<p>Jathar clothing pattern from Ikats (CLO-1) collection. Customize colors to match your style with our ColorFlex system.</p>,Saffron Cottage,Apparel & Accessories > Clothing,Clothing,"Ikats (CLO-1), pattern, clothing, custom-color, colorflex",TRUE,Size,One Size,ikats-clo-1-jathar,89.99,,TRUE,TRUE,,,continue,,https://so-animation.com/colorflex/data/collections/ikats/thumbnails/jathar.jpg,1,Jathar clothing pattern thumbnail,Jathar - Ikats (CLO-1) Clothing | ColorFlex,Jathar clothing pattern from Ikats (CLO-1). Customize colors with ColorFlex.,https://so-animation.com/colorflex/data/collections/,ikats.clo-1,jathar,4,"./data/collections/ikats/layers/jathar_texture_layer-1.jpg,./data/collections/ikats/layers/jathar_large-design_layer-2.jpg,./data/collections/ikats/layers/jathar_diamond_layer-3.jpg,./data/collections/ikats/layers/jathar_tiny-dot_layer-4.jpg",24x24,straight,"SW7069 Iron Ore,SW7067 Cityscape,SW3441 Foothills,SW6135 Ecru,SW7699 Rustic City,SW6206 Oyster Bay,SW6186 Dried Thyme,SW1472 Slate Tile,SW0006 Toile Red"
botanicals-clo2-key-largo,Key Largo,<p>Key Largo clothing pattern from Botanicals (CLO-2) collection. Customize colors to match your style with our ColorFlex system.</p>,Saffron Cottage,Apparel & Accessories > Clothing,Clothing,"Botanicals (CLO-2), pattern, clothing, custom-color, colorflex",TRUE,Size,One Size,botanicals-clo2-key-largo,89.99,,TRUE,TRUE,,,continue,,https://so-animation.com/colorflex/data/collections/botanicals-clo2/thumbnails/key-largo.jpg,1,Key Largo clothing pattern thumbnail,Key Largo - Botanicals (CLO-2) Clothing | ColorFlex,Key Largo clothing pattern from Botanicals (CLO-2). Customize colors with ColorFlex.,https://so-animation.com/colorflex/data/collections/,botanicals-clo2,key-largo,6,"./data/collections/botanicals/layers/key-largo_back-leaf_layer-1.jpg,./data/collections/botanicals/layers/key-largo_left-leaves_layer-2.jpg,./data/collections/botanicals/layers/key-largo_right-leaves_layer-3.jpg,./data/collections/botanicals/layers/key-largo_outer-leaves_layer-4.jpg,./data/collections/botanicals/layers/key-largo_right-most_layer-5.jpg,./data/collections/botanicals/layers/key-largo_front-leaf_layer-6.jpg",24x24,half-drop,"SC0001 COTTAGE LINEN,SW7069 IRON ORE,SW6135 ECRU,SW0043 PERISTYLE BRASS,SW6138 ARTIFACT,SW0042 RUSKIN ROOM GREEN,SW7740 MESSENGER BAG,SW6159 HIGH TEA,SW9145 SLEEPY HOLLOW,SW6242 BRACING BLUE,SW0034 ROYCROFT ROSE,SW0033 REMBRANDT RUBY,SW6990 CAVIAR"
botanicals-clo2-shadow-dance,Shadow Dance,<p>Shadow Dance clothing pattern from Botanicals (CLO-2) collection. Customize colors to match your style with our ColorFlex system.</p>,Saffron Cottage,Apparel & Accessories > Clothing,Clothing,"Botanicals (CLO-2), pattern, clothing, custom-color, colorflex",TRUE,Size,One Size,botanicals-clo2-shadow-dance,89.99,,TRUE,TRUE,,,continue,,https://so-animation.com/colorflex/data/collections/botanicals-clo2/thumbnails/shadow-dance.jpg,1,Shadow Dance clothing pattern thumbnail,Shadow Dance - Botanicals (CLO-2) Clothing | ColorFlex,Shadow Dance clothing pattern from Botanicals (CLO-2). Customize colors with ColorFlex.,https://so-animation.com/colorflex/data/collections/,botanicals-clo2,shadow-dance,2,"./data/collections/botanicals/layers/shadow-dance_shadow_layer-1.jpg,./data/collections/botanicals/layers/shadow-dance_flower_layer-2.jpg",24x24,straight,"SC0001 COTTAGE LINEN,SW7069 IRON ORE,SW6135 ECRU,SW0043 PERISTYLE BRASS,SW6138 ARTIFACT,SW0042 RUSKIN ROOM GREEN,SW7740 MESSENGER BAG,SW6159 HIGH TEA,SW9145 SLEEPY HOLLOW,SW6242 BRACING BLUE,SW0034 ROYCROFT ROSE,SW0033 REMBRANDT RUBY,SW6990 CAVIAR"
botanicals-clo2-tall-lilly-plant,Tall Lilly Plant,<p>Tall Lilly Plant clothing pattern from Botanicals (CLO-2) collection. Customize colors to match your style with our ColorFlex system.</p>,Saffron Cottage,Apparel & Accessories > Clothing,Clothing,"Botanicals (CLO-2), pattern, clothing, custom-color, colorflex",TRUE,Size,One Size,botanicals-clo2-tall-lilly-plant,89.99,,TRUE,TRUE,,,continue,,https://so-animation.com/colorflex/data/collections/botanicals-clo2/thumbnails/tall-lilly-plant.jpg,1,Tall Lilly Plant clothing pattern thumbnail,Tall Lilly Plant - Botanicals (CLO-2) Clothing | ColorFlex,Tall Lilly Plant clothing pattern from Botanicals (CLO-2). Customize colors with ColorFlex.,https://so-animation.com/colorflex/data/collections/,botanicals-clo2,tall-lilly-plant,4,"./data/collections/botanicals/layers/tall-lilly-plant_texture_layer-1.jpg,./data/collections/botanicals/layers/tall-lilly-plant_plants_layer-2.jpg,./data/collections/botanicals/layers/tall-lilly-plant_flowers_layer-3.jpg,./data/collections/botanicals/layers/tall-lilly-plant_flower-centers_layer-4.jpg",24x24,straight,"SC0001 COTTAGE LINEN,SW7069 IRON ORE,SW6135 ECRU,SW0043 PERISTYLE BRASS,SW6138 ARTIFACT,SW0042 RUSKIN ROOM GREEN,SW7740 MESSENGER BAG,SW6159 HIGH TEA,SW9145 SLEEPY HOLLOW,SW6242 BRACING BLUE,SW0034 ROYCROFT ROSE,SW0033 REMBRANDT RUBY,SW6990 CAVIAR"
botanicals-clo2-flowering-fern,Flowering Fern,<p>Flowering Fern clothing pattern from Botanicals (CLO-2) collection. Customize colors to match your style with our ColorFlex system.</p>,Saffron Cottage,Apparel & Accessories > Clothing,Clothing,"Botanicals (CLO-2), pattern, clothing, custom-color, colorflex",TRUE,Size,One Size,botanicals-clo2-flowering-fern,89.99,,TRUE,TRUE,,,continue,,https://so-animation.com/colorflex/data/collections/botanicals-clo2/thumbnails/flowering-fern.jpg,1,Flowering Fern clothing pattern thumbnail,Flowering Fern - Botanicals (CLO-2) Clothing | ColorFlex,Flowering Fern clothing pattern from Botanicals (CLO-2). Customize colors with ColorFlex.,https://so-animation.com/colorflex/data/collections/,botanicals-clo2,flowering-fern,3,"./data/collections/botanicals/layers/flowering-fern_flowers_layer-1.jpg,./data/collections/botanicals/layers/flowering-fern_fiddleheads_layer-2.jpg,./data/collections/botanicals/layers/flowering-fern_ferns_layer-3.jpg",24x24,straight,"SC0001 COTTAGE LINEN,SW7069 IRON ORE,SW6135 ECRU,SW0043 PERISTYLE BRASS,SW6138 ARTIFACT,SW0042 RUSKIN ROOM GREEN,SW7740 MESSENGER BAG,SW6159 HIGH TEA,SW9145 SLEEPY HOLLOW,SW6242 BRACING BLUE,SW0034 ROYCROFT ROSE,SW0033 REMBRANDT RUBY,SW6990 CAVIAR"
